-- phpMyAdmin SQL Dump
-- version 5.0.2
-- https://www.phpmyadmin.net/
--
-- Host: 127.0.0.1:3306
-- Generation Time: Jul 05, 2021 at 08:15 AM
-- Server version: 5.7.31
-- PHP Version: 7.3.21

SET SQL_MODE = "NO_AUTO_VALUE_ON_ZERO";
START TRANSACTION;
SET time_zone = "+00:00";


/*!40101 SET @OLD_CHARACTER_SET_CLIENT=@@CHARACTER_SET_CLIENT */;
/*!40101 SET @OLD_CHARACTER_SET_RESULTS=@@CHARACTER_SET_RESULTS */;
/*!40101 SET @OLD_COLLATION_CONNECTION=@@COLLATION_CONNECTION */;
/*!40101 SET NAMES utf8mb4 */;

--
-- Database: `restaurant_review_data`
--

-- --------------------------------------------------------

--
-- Table structure for table `restaurant`
--

DROP TABLE IF EXISTS `restaurant`;
CREATE TABLE IF NOT EXISTS `restaurant` (
  `id` int(11) NOT NULL AUTO_INCREMENT,
  `user` int(11) NOT NULL,
  `name` varchar(255) NOT NULL,
  `cuisine` varchar(255) NOT NULL,
  `location` varchar(255) NOT NULL,
  `url` varchar(255) DEFAULT NULL,
  PRIMARY KEY (`id`),
  KEY `fk_user` (`user`)
) ENGINE=InnoDB AUTO_INCREMENT=66 DEFAULT CHARSET=utf8;

--
-- Dumping data for table `restaurant`
--

INSERT INTO `restaurant` (`id`, `user`, `name`, `cuisine`, `location`, `url`) VALUES
(1, 1, 'Test Kitchen', 'Food', 'Coolsville', NULL),
(2, 20, 'Tommy\'s Donuts', 'Donuts', 'Coolsville', NULL),
(3, 20, 'Frankie\'s Hotdogs', 'Hotdogs', 'Coolsville', NULL),
(4, 21, 'Ye Olde Apple Pie Pastry Shoppe', 'Baked goods', '1 York St, London, ON', ''),
(5, 21, 'Wonderful Waffles', 'Breakfast', 'Hamilton', 'http://waffles.ca'),
(6, 27, 'Bob\'s Burgers', 'Fast food', 'London', 'http://bobsburgers.com'),
(7, 27, 'Burger King', 'Fast food', 'London', 'http://burgerking.com'),
(8, 27, 'Wendy\'s', 'Fast burgers', 'London', 'https://wendys.com'),
(9, 27, 'Branzini\'s', 'Fine dining', 'Milan, Italy', 'http://branzini.com'),
(10, 30, 'Testaurant', 'Testing Restaurant', 'Testopolis', ''),
(11, 30, 'Branzini\'s', 'Fine dining', 'Milan, Italy', 'http://branzinis.com'),
(12, 31, 'Restaurant 1', 'Deep fried and spicy', 'Alabama', ''),
(13, 31, 'Restaurant 2', 'Greek', 'London', 'https://jummythegreek.net'),
(14, 31, 'Restaurant 3', 'Reviewful', 'Minneapolis, MN', 'http://rf.com'),
(15, 31, 'Moxie\'s', 'Bar & grill', '441 Richmond St, London', 'https://moxies.com'),
(16, 31, 'Pizza Hut', 'Pizza', '941 Hamilton Rd Unit 1, London', 'https://pizzahut.com'),
(17, 31, 'Bamyan Afghan Cuisine', 'Afghan', '', ''),
(18, 32, 'Many Restaurants Test', 'Test food', 'Somewhere', 'nourl'),
(19, 32, 'Many Restaurants Test', 'Test food', 'Somewhere', 'nourl'),
(20, 32, 'Many Restaurants Test', 'Test food', 'Somewhere', 'nourl'),
(21, 32, 'Many Restaurants Test', 'Test food', 'Somewhere', 'nourl'),
(22, 32, 'Many Restaurants Test', 'Test food', 'Somewhere', 'nourl'),
(23, 32, 'Many Restaurants Test', 'Test food', 'Somewhere', 'nourl'),
(24, 32, 'Many Restaurants Test', 'Test food', 'Somewhere', 'nourl'),
(25, 32, 'Many Restaurants Test', 'Test food', 'Somewhere', 'nourl'),
(26, 32, 'Many Restaurants Test', 'Test food', 'Somewhere', 'nourl'),
(27, 32, 'Many Restaurants Test', 'Test food', 'Somewhere', 'nourl'),
(28, 32, 'Many Restaurants Test', 'Test food', 'Somewhere', 'nourl'),
(29, 32, 'Many Restaurants Test', 'Test food', 'Somewhere', 'nourl'),
(30, 32, 'Many Restaurants Test', 'Test food', 'Somewhere', 'nourl'),
(31, 32, 'Many Restaurants Test', 'Test food', 'Somewhere', 'nourl'),
(32, 32, 'Many Restaurants Test', 'Test food', 'Somewhere', 'nourl'),
(33, 32, 'Many Restaurants Test', 'Test food', 'Somewhere', 'nourl'),
(34, 32, 'Many Restaurants Test', 'Test food', 'Somewhere', 'nourl'),
(35, 32, 'Many Restaurants Test', 'Test food', 'Somewhere', 'nourl'),
(36, 32, 'Many Restaurants Test', 'Test food', 'Somewhere', 'nourl'),
(37, 32, 'Many Restaurants Test', 'Test food', 'Somewhere', 'nourl'),
(38, 32, 'Many Restaurants Test', 'Test food', 'Somewhere', 'nourl'),
(39, 32, 'Many Restaurants Test', 'Test food', 'Somewhere', 'nourl'),
(40, 32, 'Many Restaurants Test', 'Test food', 'Somewhere', 'nourl'),
(41, 32, 'Many Restaurants Test', 'Test food', 'Somewhere', 'nourl'),
(42, 32, 'Many Restaurants Test', 'Test food', 'Somewhere', 'nourl'),
(43, 32, 'Many Restaurants Test', 'Test food', 'Somewhere', 'nourl'),
(44, 32, 'Many Restaurants Test', 'Test food', 'Somewhere', 'nourl'),
(45, 32, 'Many Restaurants Test', 'Test food', 'Somewhere', 'nourl'),
(46, 32, 'Many Restaurants Test', 'Test food', 'Somewhere', 'nourl'),
(47, 32, 'Many Restaurants Test', 'Test food', 'Somewhere', 'nourl'),
(48, 32, 'Many Restaurants Test', 'Test food', 'Somewhere', 'nourl'),
(49, 32, 'Many Restaurants Test', 'Test food', 'Somewhere', 'nourl'),
(50, 32, 'Many Restaurants Test', 'Test food', 'Somewhere', 'nourl'),
(51, 32, 'Many Restaurants Test', 'Test food', 'Somewhere', 'nourl'),
(52, 32, 'Many Restaurants Test', 'Test food', 'Somewhere', 'nourl'),
(53, 32, 'Many Restaurants Test', 'Test food', 'Somewhere', 'nourl'),
(54, 32, 'Many Restaurants Test', 'Test food', 'Somewhere', 'nourl'),
(55, 32, 'Many Restaurants Test', 'Test food', 'Somewhere', 'nourl'),
(56, 32, 'Many Restaurants Test', 'Test food', 'Somewhere', 'nourl'),
(57, 32, 'Many Restaurants Test', 'Test food', 'Somewhere', 'nourl'),
(58, 32, 'Many Restaurants Test', 'Test food', 'Somewhere', 'nourl'),
(59, 32, 'Many Restaurants Test', 'Test food', 'Somewhere', 'nourl'),
(60, 32, 'Many Restaurants Test', 'Test food', 'Somewhere', 'nourl'),
(61, 32, 'Many Restaurants Test', 'Test food', 'Somewhere', 'nourl'),
(62, 32, 'Many Restaurants Test', 'Test food', 'Somewhere', 'nourl'),
(63, 32, 'Many Restaurants Test', 'Test food', 'Somewhere', 'nourl'),
(64, 32, 'Many Restaurants Test', 'Test food', 'Somewhere', 'nourl'),
(65, 32, 'Many Restaurants Test', 'Test food', 'Somewhere', 'nourl');

-- --------------------------------------------------------

--
-- Table structure for table `review`
--

DROP TABLE IF EXISTS `review`;
CREATE TABLE IF NOT EXISTS `review` (
  `id` int(11) NOT NULL AUTO_INCREMENT,
  `restaurant` int(11) NOT NULL,
  `timestamp` datetime NOT NULL DEFAULT CURRENT_TIMESTAMP,
  `reviewer` varchar(255) NOT NULL,
  `rating` int(1) NOT NULL,
  `content` text NOT NULL,
  PRIMARY KEY (`id`),
  KEY `fk_restaurant` (`restaurant`)
) ENGINE=InnoDB AUTO_INCREMENT=508 DEFAULT CHARSET=utf8;

--
-- Dumping data for table `review`
--

INSERT INTO `review` (`id`, `restaurant`, `timestamp`, `reviewer`, `rating`, `content`) VALUES
(1, 1, '2021-07-04 20:22:28', 'Billy', 3, 'It\'s good'),
(2, 1, '2021-07-04 20:22:44', 'Billy', 3, 'Just mediocre'),
(3, 1, '2021-07-04 20:32:20', 'Jimmy', 2, 'It wasn\'t very good'),
(4, 1, '2021-07-04 22:25:07', 'Great', 5, 'Great restaurant. I love it'),
(5, 4, '2021-07-04 23:44:44', 'Alice', 5, 'This place has the best apples. And the best pie, too!'),
(6, 4, '2021-07-04 23:46:38', 'Bob', 2, 'This place isn\'t as good as it used to be. I got a worm in my apple.\r\n\r\n😒'),
(7, 5, '2021-07-04 23:51:47', 'Waffle Lover', 4, 'My oh my, these waffles are to die for!\r\n\r\nIn fact, I\'m going to go there right now! lol'),
(8, 6, '2021-07-04 23:57:48', 'Bob', 5, 'honestly the best burgers ive had'),
(9, 6, '2021-07-04 23:58:07', 'Burger', 1, 'i dont appreciate being eaten'),
(10, 7, '2021-07-04 23:59:14', 'Ronald McDonald', 1, 'I can do better'),
(11, 7, '2021-07-04 23:59:39', 'Frank O\'Donohue', 4, 'I always get the whopper with extra pickles'),
(12, 7, '2021-07-05 00:00:23', 'Cheese Lover', 3, 'They forgot my slice of cheese i asked for...and they always put too many onions 😞'),
(13, 10, '2021-07-05 01:35:52', 'David', 2, 'I didn\'t actually eat here'),
(14, 12, '2021-07-05 01:39:27', 'Guy', 5, 'Delish'),
(15, 14, '2021-07-05 01:41:04', 'Reviewer 1', 5, 'They said I\'d get a free salad if I left a review'),
(16, 14, '2021-07-05 01:41:20', 'Reviewer 2', 3, 'I didn\'t get a free salad'),
(17, 14, '2021-07-05 01:41:33', 'Reviewer 3', 2, 'They don\'t even serve salad here'),
(18, 14, '2021-07-05 01:42:08', 'True Reviewer', 1, 'Okay, truth be told, I was writing the reviews all along. Now I have 3 free salad coupons and I don\'t know what to do with them'),
(19, 14, '2021-07-05 01:42:31', 'Good Salad', 5, 'Holy moly is the salad here ever good. I\'m glad I still have 2 coupons left'),
(20, 14, '2021-07-05 01:43:38', 'Sarah M.', 2, 'I don\'t know what he\'s on about. The food is atrocious. There was a crab shell in my soup, and it was cold.'),
(21, 14, '2021-07-05 01:44:08', 'Guy Fieri', 5, 'You gotta eat here'),
(22, 14, '2021-07-05 01:44:18', 'John Catucci', 4, 'that\'s my line!'),
(23, 13, '2021-07-05 01:45:20', 'Zorba', 1, 'This place is an insult to my country'),
(24, 16, '2021-07-05 01:48:41', 'Vincent Marigold', 4, 'Love that greasy cheese, but hate feeling like a pile of goop after I eat a whole pizza.'),
(25, 17, '2021-07-05 01:49:36', 'Ben', 5, 'best place ever'),
(26, 64, '2021-07-05 03:33:52', 'Reviewer of mass reviewing', 6, 'You just got reviewed.'),
(27, 64, '2021-07-05 03:34:20', 'Reviewer of mass reviewing', 6, 'You just got reviewed.'),
(28, 64, '2021-07-05 03:34:20', 'Reviewer of mass reviewing', 6, 'You just got reviewed.'),
(29, 64, '2021-07-05 03:34:20', 'Reviewer of mass reviewing', 6, 'You just got reviewed.'),
(30, 64, '2021-07-05 03:34:20', 'Reviewer of mass reviewing', 6, 'You just got reviewed.'),
(31, 64, '2021-07-05 03:34:21', 'Reviewer of mass reviewing', 6, 'You just got reviewed.'),
(32, 64, '2021-07-05 03:34:21', 'Reviewer of mass reviewing', 6, 'You just got reviewed.'),
(33, 64, '2021-07-05 03:34:21', 'Reviewer of mass reviewing', 6, 'You just got reviewed.'),
(34, 64, '2021-07-05 03:34:21', 'Reviewer of mass reviewing', 6, 'You just got reviewed.'),
(35, 64, '2021-07-05 03:34:21', 'Reviewer of mass reviewing', 6, 'You just got reviewed.'),
(36, 64, '2021-07-05 03:34:21', 'Reviewer of mass reviewing', 6, 'You just got reviewed.'),
(37, 64, '2021-07-05 03:34:21', 'Reviewer of mass reviewing', 6, 'You just got reviewed.'),
(38, 64, '2021-07-05 03:34:21', 'Reviewer of mass reviewing', 6, 'You just got reviewed.'),
(39, 64, '2021-07-05 03:34:21', 'Reviewer of mass reviewing', 6, 'You just got reviewed.'),
(40, 64, '2021-07-05 03:34:21', 'Reviewer of mass reviewing', 6, 'You just got reviewed.'),
(41, 64, '2021-07-05 03:34:21', 'Reviewer of mass reviewing', 6, 'You just got reviewed.'),
(42, 64, '2021-07-05 03:34:21', 'Reviewer of mass reviewing', 6, 'You just got reviewed.'),
(43, 64, '2021-07-05 03:34:21', 'Reviewer of mass reviewing', 6, 'You just got reviewed.'),
(44, 64, '2021-07-05 03:34:21', 'Reviewer of mass reviewing', 6, 'You just got reviewed.'),
(45, 64, '2021-07-05 03:34:21', 'Reviewer of mass reviewing', 6, 'You just got reviewed.'),
(46, 64, '2021-07-05 03:34:21', 'Reviewer of mass reviewing', 6, 'You just got reviewed.'),
(47, 64, '2021-07-05 03:34:21', 'Reviewer of mass reviewing', 6, 'You just got reviewed.'),
(48, 64, '2021-07-05 03:34:21', 'Reviewer of mass reviewing', 6, 'You just got reviewed.'),
(49, 64, '2021-07-05 03:34:21', 'Reviewer of mass reviewing', 6, 'You just got reviewed.'),
(50, 64, '2021-07-05 03:34:21', 'Reviewer of mass reviewing', 6, 'You just got reviewed.'),
(51, 64, '2021-07-05 03:34:21', 'Reviewer of mass reviewing', 6, 'You just got reviewed.'),
(52, 64, '2021-07-05 03:34:21', 'Reviewer of mass reviewing', 6, 'You just got reviewed.'),
(53, 64, '2021-07-05 03:34:21', 'Reviewer of mass reviewing', 6, 'You just got reviewed.'),
(54, 64, '2021-07-05 03:34:21', 'Reviewer of mass reviewing', 6, 'You just got reviewed.'),
(55, 64, '2021-07-05 03:34:21', 'Reviewer of mass reviewing', 6, 'You just got reviewed.'),
(56, 64, '2021-07-05 03:34:21', 'Reviewer of mass reviewing', 6, 'You just got reviewed.'),
(57, 64, '2021-07-05 03:34:21', 'Reviewer of mass reviewing', 6, 'You just got reviewed.'),
(58, 64, '2021-07-05 03:34:22', 'Reviewer of mass reviewing', 6, 'You just got reviewed.'),
(59, 64, '2021-07-05 03:34:22', 'Reviewer of mass reviewing', 6, 'You just got reviewed.'),
(60, 64, '2021-07-05 03:34:22', 'Reviewer of mass reviewing', 6, 'You just got reviewed.'),
(61, 64, '2021-07-05 03:34:22', 'Reviewer of mass reviewing', 6, 'You just got reviewed.'),
(62, 64, '2021-07-05 03:34:22', 'Reviewer of mass reviewing', 6, 'You just got reviewed.'),
(63, 64, '2021-07-05 03:34:22', 'Reviewer of mass reviewing', 6, 'You just got reviewed.'),
(64, 64, '2021-07-05 03:34:22', 'Reviewer of mass reviewing', 6, 'You just got reviewed.'),
(65, 64, '2021-07-05 03:34:22', 'Reviewer of mass reviewing', 6, 'You just got reviewed.'),
(66, 64, '2021-07-05 03:34:22', 'Reviewer of mass reviewing', 6, 'You just got reviewed.'),
(67, 64, '2021-07-05 03:34:22', 'Reviewer of mass reviewing', 6, 'You just got reviewed.'),
(68, 64, '2021-07-05 03:34:22', 'Reviewer of mass reviewing', 6, 'You just got reviewed.'),
(69, 64, '2021-07-05 03:34:22', 'Reviewer of mass reviewing', 6, 'You just got reviewed.'),
(70, 64, '2021-07-05 03:34:22', 'Reviewer of mass reviewing', 6, 'You just got reviewed.'),
(71, 64, '2021-07-05 03:34:22', 'Reviewer of mass reviewing', 6, 'You just got reviewed.'),
(72, 64, '2021-07-05 03:34:22', 'Reviewer of mass reviewing', 6, 'You just got reviewed.'),
(73, 64, '2021-07-05 03:34:22', 'Reviewer of mass reviewing', 6, 'You just got reviewed.'),
(74, 64, '2021-07-05 03:34:22', 'Reviewer of mass reviewing', 6, 'You just got reviewed.'),
(75, 64, '2021-07-05 03:34:22', 'Reviewer of mass reviewing', 6, 'You just got reviewed.'),
(76, 64, '2021-07-05 03:34:22', 'Reviewer of mass reviewing', 6, 'You just got reviewed.'),
(77, 64, '2021-07-05 03:34:22', 'Reviewer of mass reviewing', 6, 'You just got reviewed.'),
(78, 64, '2021-07-05 03:34:22', 'Reviewer of mass reviewing', 6, 'You just got reviewed.'),
(79, 64, '2021-07-05 03:34:23', 'Reviewer of mass reviewing', 6, 'You just got reviewed.'),
(80, 64, '2021-07-05 03:34:23', 'Reviewer of mass reviewing', 6, 'You just got reviewed.'),
(81, 64, '2021-07-05 03:34:23', 'Reviewer of mass reviewing', 6, 'You just got reviewed.'),
(82, 64, '2021-07-05 03:34:23', 'Reviewer of mass reviewing', 6, 'You just got reviewed.'),
(83, 64, '2021-07-05 03:34:23', 'Reviewer of mass reviewing', 6, 'You just got reviewed.'),
(84, 64, '2021-07-05 03:34:23', 'Reviewer of mass reviewing', 6, 'You just got reviewed.'),
(85, 64, '2021-07-05 03:34:23', 'Reviewer of mass reviewing', 6, 'You just got reviewed.'),
(86, 64, '2021-07-05 03:34:23', 'Reviewer of mass reviewing', 6, 'You just got reviewed.'),
(87, 64, '2021-07-05 03:34:23', 'Reviewer of mass reviewing', 6, 'You just got reviewed.'),
(88, 64, '2021-07-05 03:34:23', 'Reviewer of mass reviewing', 6, 'You just got reviewed.'),
(89, 64, '2021-07-05 03:34:23', 'Reviewer of mass reviewing', 6, 'You just got reviewed.'),
(90, 64, '2021-07-05 03:34:23', 'Reviewer of mass reviewing', 6, 'You just got reviewed.'),
(91, 64, '2021-07-05 03:34:23', 'Reviewer of mass reviewing', 6, 'You just got reviewed.'),
(92, 64, '2021-07-05 03:34:23', 'Reviewer of mass reviewing', 6, 'You just got reviewed.'),
(93, 64, '2021-07-05 03:34:23', 'Reviewer of mass reviewing', 6, 'You just got reviewed.'),
(94, 64, '2021-07-05 03:34:23', 'Reviewer of mass reviewing', 6, 'You just got reviewed.'),
(95, 64, '2021-07-05 03:34:23', 'Reviewer of mass reviewing', 6, 'You just got reviewed.'),
(96, 64, '2021-07-05 03:34:23', 'Reviewer of mass reviewing', 6, 'You just got reviewed.'),
(97, 64, '2021-07-05 03:34:23', 'Reviewer of mass reviewing', 6, 'You just got reviewed.'),
(98, 64, '2021-07-05 03:34:23', 'Reviewer of mass reviewing', 6, 'You just got reviewed.'),
(99, 64, '2021-07-05 03:34:23', 'Reviewer of mass reviewing', 6, 'You just got reviewed.'),
(100, 64, '2021-07-05 03:34:23', 'Reviewer of mass reviewing', 6, 'You just got reviewed.'),
(101, 64, '2021-07-05 03:34:23', 'Reviewer of mass reviewing', 6, 'You just got reviewed.'),
(102, 64, '2021-07-05 03:34:23', 'Reviewer of mass reviewing', 6, 'You just got reviewed.'),
(103, 64, '2021-07-05 03:34:23', 'Reviewer of mass reviewing', 6, 'You just got reviewed.'),
(104, 64, '2021-07-05 03:34:24', 'Reviewer of mass reviewing', 6, 'You just got reviewed.'),
(105, 64, '2021-07-05 03:34:24', 'Reviewer of mass reviewing', 6, 'You just got reviewed.'),
(106, 64, '2021-07-05 03:34:24', 'Reviewer of mass reviewing', 6, 'You just got reviewed.'),
(107, 64, '2021-07-05 03:34:24', 'Reviewer of mass reviewing', 6, 'You just got reviewed.'),
(108, 64, '2021-07-05 03:34:24', 'Reviewer of mass reviewing', 6, 'You just got reviewed.'),
(109, 64, '2021-07-05 03:34:24', 'Reviewer of mass reviewing', 6, 'You just got reviewed.'),
(110, 64, '2021-07-05 03:34:24', 'Reviewer of mass reviewing', 6, 'You just got reviewed.'),
(111, 64, '2021-07-05 03:34:24', 'Reviewer of mass reviewing', 6, 'You just got reviewed.'),
(112, 64, '2021-07-05 03:34:24', 'Reviewer of mass reviewing', 6, 'You just got reviewed.'),
(113, 64, '2021-07-05 03:34:24', 'Reviewer of mass reviewing', 6, 'You just got reviewed.'),
(114, 64, '2021-07-05 03:34:24', 'Reviewer of mass reviewing', 6, 'You just got reviewed.'),
(115, 64, '2021-07-05 03:34:24', 'Reviewer of mass reviewing', 6, 'You just got reviewed.'),
(116, 64, '2021-07-05 03:34:24', 'Reviewer of mass reviewing', 6, 'You just got reviewed.'),
(117, 64, '2021-07-05 03:34:24', 'Reviewer of mass reviewing', 6, 'You just got reviewed.'),
(118, 64, '2021-07-05 03:34:24', 'Reviewer of mass reviewing', 6, 'You just got reviewed.'),
(119, 64, '2021-07-05 03:34:24', 'Reviewer of mass reviewing', 6, 'You just got reviewed.'),
(120, 64, '2021-07-05 03:34:24', 'Reviewer of mass reviewing', 6, 'You just got reviewed.'),
(121, 64, '2021-07-05 03:34:24', 'Reviewer of mass reviewing', 6, 'You just got reviewed.'),
(122, 64, '2021-07-05 03:34:24', 'Reviewer of mass reviewing', 6, 'You just got reviewed.'),
(123, 64, '2021-07-05 03:34:24', 'Reviewer of mass reviewing', 6, 'You just got reviewed.'),
(124, 64, '2021-07-05 03:34:24', 'Reviewer of mass reviewing', 6, 'You just got reviewed.'),
(125, 64, '2021-07-05 03:34:24', 'Reviewer of mass reviewing', 6, 'You just got reviewed.'),
(126, 64, '2021-07-05 03:34:24', 'Reviewer of mass reviewing', 6, 'You just got reviewed.'),
(127, 64, '2021-07-05 03:34:24', 'Reviewer of mass reviewing', 6, 'You just got reviewed.'),
(128, 64, '2021-07-05 03:34:24', 'Reviewer of mass reviewing', 6, 'You just got reviewed.'),
(129, 64, '2021-07-05 03:34:24', 'Reviewer of mass reviewing', 6, 'You just got reviewed.'),
(130, 64, '2021-07-05 03:34:24', 'Reviewer of mass reviewing', 6, 'You just got reviewed.'),
(131, 64, '2021-07-05 03:34:24', 'Reviewer of mass reviewing', 6, 'You just got reviewed.'),
(132, 64, '2021-07-05 03:34:24', 'Reviewer of mass reviewing', 6, 'You just got reviewed.'),
(133, 64, '2021-07-05 03:34:24', 'Reviewer of mass reviewing', 6, 'You just got reviewed.'),
(134, 64, '2021-07-05 03:34:24', 'Reviewer of mass reviewing', 6, 'You just got reviewed.'),
(135, 64, '2021-07-05 03:34:24', 'Reviewer of mass reviewing', 6, 'You just got reviewed.'),
(136, 64, '2021-07-05 03:34:25', 'Reviewer of mass reviewing', 6, 'You just got reviewed.'),
(137, 64, '2021-07-05 03:34:25', 'Reviewer of mass reviewing', 6, 'You just got reviewed.'),
(138, 64, '2021-07-05 03:34:25', 'Reviewer of mass reviewing', 6, 'You just got reviewed.'),
(139, 64, '2021-07-05 03:34:25', 'Reviewer of mass reviewing', 6, 'You just got reviewed.'),
(140, 64, '2021-07-05 03:34:25', 'Reviewer of mass reviewing', 6, 'You just got reviewed.'),
(141, 64, '2021-07-05 03:34:25', 'Reviewer of mass reviewing', 6, 'You just got reviewed.'),
(142, 64, '2021-07-05 03:34:25', 'Reviewer of mass reviewing', 6, 'You just got reviewed.'),
(143, 64, '2021-07-05 03:34:25', 'Reviewer of mass reviewing', 6, 'You just got reviewed.'),
(144, 64, '2021-07-05 03:34:25', 'Reviewer of mass reviewing', 6, 'You just got reviewed.'),
(145, 64, '2021-07-05 03:34:25', 'Reviewer of mass reviewing', 6, 'You just got reviewed.'),
(146, 64, '2021-07-05 03:34:25', 'Reviewer of mass reviewing', 6, 'You just got reviewed.'),
(147, 64, '2021-07-05 03:34:25', 'Reviewer of mass reviewing', 6, 'You just got reviewed.'),
(148, 64, '2021-07-05 03:34:25', 'Reviewer of mass reviewing', 6, 'You just got reviewed.'),
(149, 64, '2021-07-05 03:34:25', 'Reviewer of mass reviewing', 6, 'You just got reviewed.'),
(150, 64, '2021-07-05 03:34:25', 'Reviewer of mass reviewing', 6, 'You just got reviewed.'),
(151, 64, '2021-07-05 03:34:25', 'Reviewer of mass reviewing', 6, 'You just got reviewed.'),
(152, 64, '2021-07-05 03:34:25', 'Reviewer of mass reviewing', 6, 'You just got reviewed.'),
(153, 64, '2021-07-05 03:34:25', 'Reviewer of mass reviewing', 6, 'You just got reviewed.'),
(154, 64, '2021-07-05 03:34:25', 'Reviewer of mass reviewing', 6, 'You just got reviewed.'),
(155, 64, '2021-07-05 03:34:25', 'Reviewer of mass reviewing', 6, 'You just got reviewed.'),
(156, 64, '2021-07-05 03:34:25', 'Reviewer of mass reviewing', 6, 'You just got reviewed.'),
(157, 64, '2021-07-05 03:34:25', 'Reviewer of mass reviewing', 6, 'You just got reviewed.'),
(158, 64, '2021-07-05 03:34:25', 'Reviewer of mass reviewing', 6, 'You just got reviewed.'),
(159, 64, '2021-07-05 03:34:25', 'Reviewer of mass reviewing', 6, 'You just got reviewed.'),
(160, 64, '2021-07-05 03:34:25', 'Reviewer of mass reviewing', 6, 'You just got reviewed.'),
(161, 64, '2021-07-05 03:34:25', 'Reviewer of mass reviewing', 6, 'You just got reviewed.'),
(162, 64, '2021-07-05 03:34:25', 'Reviewer of mass reviewing', 6, 'You just got reviewed.'),
(163, 64, '2021-07-05 03:34:25', 'Reviewer of mass reviewing', 6, 'You just got reviewed.'),
(164, 64, '2021-07-05 03:34:26', 'Reviewer of mass reviewing', 6, 'You just got reviewed.'),
(165, 64, '2021-07-05 03:34:26', 'Reviewer of mass reviewing', 6, 'You just got reviewed.'),
(166, 64, '2021-07-05 03:34:26', 'Reviewer of mass reviewing', 6, 'You just got reviewed.'),
(167, 64, '2021-07-05 03:34:26', 'Reviewer of mass reviewing', 6, 'You just got reviewed.'),
(168, 64, '2021-07-05 03:34:26', 'Reviewer of mass reviewing', 6, 'You just got reviewed.'),
(169, 64, '2021-07-05 03:34:26', 'Reviewer of mass reviewing', 6, 'You just got reviewed.'),
(170, 64, '2021-07-05 03:34:26', 'Reviewer of mass reviewing', 6, 'You just got reviewed.'),
(171, 64, '2021-07-05 03:34:26', 'Reviewer of mass reviewing', 6, 'You just got reviewed.'),
(172, 64, '2021-07-05 03:34:26', 'Reviewer of mass reviewing', 6, 'You just got reviewed.'),
(173, 64, '2021-07-05 03:34:26', 'Reviewer of mass reviewing', 6, 'You just got reviewed.'),
(174, 64, '2021-07-05 03:34:26', 'Reviewer of mass reviewing', 6, 'You just got reviewed.'),
(175, 64, '2021-07-05 03:34:26', 'Reviewer of mass reviewing', 6, 'You just got reviewed.'),
(176, 64, '2021-07-05 03:34:26', 'Reviewer of mass reviewing', 6, 'You just got reviewed.'),
(177, 64, '2021-07-05 03:34:26', 'Reviewer of mass reviewing', 6, 'You just got reviewed.'),
(178, 64, '2021-07-05 03:34:26', 'Reviewer of mass reviewing', 6, 'You just got reviewed.'),
(179, 64, '2021-07-05 03:34:26', 'Reviewer of mass reviewing', 6, 'You just got reviewed.'),
(180, 64, '2021-07-05 03:34:26', 'Reviewer of mass reviewing', 6, 'You just got reviewed.'),
(181, 64, '2021-07-05 03:34:26', 'Reviewer of mass reviewing', 6, 'You just got reviewed.'),
(182, 64, '2021-07-05 03:34:26', 'Reviewer of mass reviewing', 6, 'You just got reviewed.'),
(183, 64, '2021-07-05 03:34:26', 'Reviewer of mass reviewing', 6, 'You just got reviewed.'),
(184, 64, '2021-07-05 03:34:26', 'Reviewer of mass reviewing', 6, 'You just got reviewed.'),
(185, 64, '2021-07-05 03:34:26', 'Reviewer of mass reviewing', 6, 'You just got reviewed.'),
(186, 64, '2021-07-05 03:34:26', 'Reviewer of mass reviewing', 6, 'You just got reviewed.'),
(187, 64, '2021-07-05 03:34:26', 'Reviewer of mass reviewing', 6, 'You just got reviewed.'),
(188, 64, '2021-07-05 03:34:26', 'Reviewer of mass reviewing', 6, 'You just got reviewed.'),
(189, 64, '2021-07-05 03:34:26', 'Reviewer of mass reviewing', 6, 'You just got reviewed.'),
(190, 64, '2021-07-05 03:34:26', 'Reviewer of mass reviewing', 6, 'You just got reviewed.'),
(191, 64, '2021-07-05 03:34:26', 'Reviewer of mass reviewing', 6, 'You just got reviewed.'),
(192, 64, '2021-07-05 03:34:26', 'Reviewer of mass reviewing', 6, 'You just got reviewed.'),
(193, 64, '2021-07-05 03:34:27', 'Reviewer of mass reviewing', 6, 'You just got reviewed.'),
(194, 64, '2021-07-05 03:34:27', 'Reviewer of mass reviewing', 6, 'You just got reviewed.'),
(195, 64, '2021-07-05 03:34:27', 'Reviewer of mass reviewing', 6, 'You just got reviewed.'),
(196, 64, '2021-07-05 03:34:27', 'Reviewer of mass reviewing', 6, 'You just got reviewed.'),
(197, 64, '2021-07-05 03:34:27', 'Reviewer of mass reviewing', 6, 'You just got reviewed.'),
(198, 64, '2021-07-05 03:34:27', 'Reviewer of mass reviewing', 6, 'You just got reviewed.'),
(199, 64, '2021-07-05 03:34:27', 'Reviewer of mass reviewing', 6, 'You just got reviewed.'),
(200, 64, '2021-07-05 03:34:27', 'Reviewer of mass reviewing', 6, 'You just got reviewed.'),
(201, 64, '2021-07-05 03:34:27', 'Reviewer of mass reviewing', 6, 'You just got reviewed.'),
(202, 64, '2021-07-05 03:34:27', 'Reviewer of mass reviewing', 6, 'You just got reviewed.'),
(203, 64, '2021-07-05 03:34:27', 'Reviewer of mass reviewing', 6, 'You just got reviewed.'),
(204, 64, '2021-07-05 03:34:27', 'Reviewer of mass reviewing', 6, 'You just got reviewed.'),
(205, 64, '2021-07-05 03:34:27', 'Reviewer of mass reviewing', 6, 'You just got reviewed.'),
(206, 64, '2021-07-05 03:34:27', 'Reviewer of mass reviewing', 6, 'You just got reviewed.'),
(207, 64, '2021-07-05 03:34:27', 'Reviewer of mass reviewing', 6, 'You just got reviewed.'),
(208, 64, '2021-07-05 03:34:27', 'Reviewer of mass reviewing', 6, 'You just got reviewed.'),
(209, 64, '2021-07-05 03:34:27', 'Reviewer of mass reviewing', 6, 'You just got reviewed.'),
(210, 64, '2021-07-05 03:34:27', 'Reviewer of mass reviewing', 6, 'You just got reviewed.'),
(211, 64, '2021-07-05 03:34:27', 'Reviewer of mass reviewing', 6, 'You just got reviewed.'),
(212, 64, '2021-07-05 03:34:27', 'Reviewer of mass reviewing', 6, 'You just got reviewed.'),
(213, 64, '2021-07-05 03:34:27', 'Reviewer of mass reviewing', 6, 'You just got reviewed.'),
(214, 64, '2021-07-05 03:34:27', 'Reviewer of mass reviewing', 6, 'You just got reviewed.'),
(215, 64, '2021-07-05 03:34:27', 'Reviewer of mass reviewing', 6, 'You just got reviewed.'),
(216, 64, '2021-07-05 03:34:27', 'Reviewer of mass reviewing', 6, 'You just got reviewed.'),
(217, 64, '2021-07-05 03:34:27', 'Reviewer of mass reviewing', 6, 'You just got reviewed.'),
(218, 64, '2021-07-05 03:34:27', 'Reviewer of mass reviewing', 6, 'You just got reviewed.'),
(219, 64, '2021-07-05 03:34:27', 'Reviewer of mass reviewing', 6, 'You just got reviewed.'),
(220, 64, '2021-07-05 03:34:27', 'Reviewer of mass reviewing', 6, 'You just got reviewed.'),
(221, 64, '2021-07-05 03:34:27', 'Reviewer of mass reviewing', 6, 'You just got reviewed.'),
(222, 64, '2021-07-05 03:34:27', 'Reviewer of mass reviewing', 6, 'You just got reviewed.'),
(223, 64, '2021-07-05 03:34:28', 'Reviewer of mass reviewing', 6, 'You just got reviewed.'),
(224, 64, '2021-07-05 03:34:28', 'Reviewer of mass reviewing', 6, 'You just got reviewed.'),
(225, 64, '2021-07-05 03:34:28', 'Reviewer of mass reviewing', 6, 'You just got reviewed.'),
(226, 64, '2021-07-05 03:34:28', 'Reviewer of mass reviewing', 6, 'You just got reviewed.'),
(227, 64, '2021-07-05 03:34:28', 'Reviewer of mass reviewing', 6, 'You just got reviewed.'),
(228, 64, '2021-07-05 03:34:28', 'Reviewer of mass reviewing', 6, 'You just got reviewed.'),
(229, 64, '2021-07-05 03:34:28', 'Reviewer of mass reviewing', 6, 'You just got reviewed.'),
(230, 64, '2021-07-05 03:34:28', 'Reviewer of mass reviewing', 6, 'You just got reviewed.'),
(231, 64, '2021-07-05 03:34:28', 'Reviewer of mass reviewing', 6, 'You just got reviewed.'),
(232, 64, '2021-07-05 03:34:28', 'Reviewer of mass reviewing', 6, 'You just got reviewed.'),
(233, 64, '2021-07-05 03:34:28', 'Reviewer of mass reviewing', 6, 'You just got reviewed.'),
(234, 64, '2021-07-05 03:34:28', 'Reviewer of mass reviewing', 6, 'You just got reviewed.'),
(235, 64, '2021-07-05 03:34:28', 'Reviewer of mass reviewing', 6, 'You just got reviewed.'),
(236, 64, '2021-07-05 03:34:28', 'Reviewer of mass reviewing', 6, 'You just got reviewed.'),
(237, 64, '2021-07-05 03:34:28', 'Reviewer of mass reviewing', 6, 'You just got reviewed.'),
(238, 64, '2021-07-05 03:34:28', 'Reviewer of mass reviewing', 6, 'You just got reviewed.'),
(239, 64, '2021-07-05 03:34:28', 'Reviewer of mass reviewing', 6, 'You just got reviewed.'),
(240, 64, '2021-07-05 03:34:28', 'Reviewer of mass reviewing', 6, 'You just got reviewed.'),
(241, 64, '2021-07-05 03:34:28', 'Reviewer of mass reviewing', 6, 'You just got reviewed.'),
(242, 64, '2021-07-05 03:34:28', 'Reviewer of mass reviewing', 6, 'You just got reviewed.'),
(243, 64, '2021-07-05 03:34:28', 'Reviewer of mass reviewing', 6, 'You just got reviewed.'),
(244, 64, '2021-07-05 03:34:28', 'Reviewer of mass reviewing', 6, 'You just got reviewed.'),
(245, 64, '2021-07-05 03:34:28', 'Reviewer of mass reviewing', 6, 'You just got reviewed.'),
(246, 64, '2021-07-05 03:34:28', 'Reviewer of mass reviewing', 6, 'You just got reviewed.'),
(247, 64, '2021-07-05 03:34:28', 'Reviewer of mass reviewing', 6, 'You just got reviewed.'),
(248, 64, '2021-07-05 03:34:28', 'Reviewer of mass reviewing', 6, 'You just got reviewed.'),
(249, 64, '2021-07-05 03:34:28', 'Reviewer of mass reviewing', 6, 'You just got reviewed.'),
(250, 64, '2021-07-05 03:34:28', 'Reviewer of mass reviewing', 6, 'You just got reviewed.'),
(251, 64, '2021-07-05 03:34:28', 'Reviewer of mass reviewing', 6, 'You just got reviewed.'),
(252, 64, '2021-07-05 03:34:28', 'Reviewer of mass reviewing', 6, 'You just got reviewed.'),
(253, 64, '2021-07-05 03:34:28', 'Reviewer of mass reviewing', 6, 'You just got reviewed.'),
(254, 64, '2021-07-05 03:34:29', 'Reviewer of mass reviewing', 6, 'You just got reviewed.'),
(255, 64, '2021-07-05 03:34:29', 'Reviewer of mass reviewing', 6, 'You just got reviewed.'),
(256, 64, '2021-07-05 03:34:29', 'Reviewer of mass reviewing', 6, 'You just got reviewed.'),
(257, 64, '2021-07-05 03:34:29', 'Reviewer of mass reviewing', 6, 'You just got reviewed.'),
(258, 64, '2021-07-05 03:34:29', 'Reviewer of mass reviewing', 6, 'You just got reviewed.'),
(259, 64, '2021-07-05 03:34:29', 'Reviewer of mass reviewing', 6, 'You just got reviewed.'),
(260, 64, '2021-07-05 03:34:29', 'Reviewer of mass reviewing', 6, 'You just got reviewed.'),
(261, 64, '2021-07-05 03:34:29', 'Reviewer of mass reviewing', 6, 'You just got reviewed.'),
(262, 64, '2021-07-05 03:34:29', 'Reviewer of mass reviewing', 6, 'You just got reviewed.'),
(263, 64, '2021-07-05 03:34:29', 'Reviewer of mass reviewing', 6, 'You just got reviewed.'),
(264, 64, '2021-07-05 03:34:29', 'Reviewer of mass reviewing', 6, 'You just got reviewed.'),
(265, 64, '2021-07-05 03:34:29', 'Reviewer of mass reviewing', 6, 'You just got reviewed.'),
(266, 64, '2021-07-05 03:34:29', 'Reviewer of mass reviewing', 6, 'You just got reviewed.'),
(267, 64, '2021-07-05 03:34:29', 'Reviewer of mass reviewing', 6, 'You just got reviewed.'),
(268, 64, '2021-07-05 03:34:29', 'Reviewer of mass reviewing', 6, 'You just got reviewed.'),
(269, 64, '2021-07-05 03:34:29', 'Reviewer of mass reviewing', 6, 'You just got reviewed.'),
(270, 64, '2021-07-05 03:34:29', 'Reviewer of mass reviewing', 6, 'You just got reviewed.'),
(271, 64, '2021-07-05 03:34:29', 'Reviewer of mass reviewing', 6, 'You just got reviewed.'),
(272, 64, '2021-07-05 03:34:29', 'Reviewer of mass reviewing', 6, 'You just got reviewed.'),
(273, 64, '2021-07-05 03:34:29', 'Reviewer of mass reviewing', 6, 'You just got reviewed.'),
(274, 64, '2021-07-05 03:34:29', 'Reviewer of mass reviewing', 6, 'You just got reviewed.'),
(275, 64, '2021-07-05 03:34:29', 'Reviewer of mass reviewing', 6, 'You just got reviewed.'),
(276, 64, '2021-07-05 03:34:30', 'Reviewer of mass reviewing', 6, 'You just got reviewed.'),
(277, 64, '2021-07-05 03:34:30', 'Reviewer of mass reviewing', 6, 'You just got reviewed.'),
(278, 64, '2021-07-05 03:34:30', 'Reviewer of mass reviewing', 6, 'You just got reviewed.'),
(279, 64, '2021-07-05 03:34:30', 'Reviewer of mass reviewing', 6, 'You just got reviewed.'),
(280, 64, '2021-07-05 03:34:30', 'Reviewer of mass reviewing', 6, 'You just got reviewed.'),
(281, 64, '2021-07-05 03:34:30', 'Reviewer of mass reviewing', 6, 'You just got reviewed.'),
(282, 64, '2021-07-05 03:34:30', 'Reviewer of mass reviewing', 6, 'You just got reviewed.'),
(283, 64, '2021-07-05 03:34:30', 'Reviewer of mass reviewing', 6, 'You just got reviewed.'),
(284, 64, '2021-07-05 03:34:30', 'Reviewer of mass reviewing', 6, 'You just got reviewed.'),
(285, 64, '2021-07-05 03:34:30', 'Reviewer of mass reviewing', 6, 'You just got reviewed.'),
(286, 64, '2021-07-05 03:34:30', 'Reviewer of mass reviewing', 6, 'You just got reviewed.'),
(287, 64, '2021-07-05 03:34:30', 'Reviewer of mass reviewing', 6, 'You just got reviewed.'),
(288, 64, '2021-07-05 03:34:30', 'Reviewer of mass reviewing', 6, 'You just got reviewed.'),
(289, 64, '2021-07-05 03:34:30', 'Reviewer of mass reviewing', 6, 'You just got reviewed.'),
(290, 64, '2021-07-05 03:34:30', 'Reviewer of mass reviewing', 6, 'You just got reviewed.'),
(291, 64, '2021-07-05 03:34:30', 'Reviewer of mass reviewing', 6, 'You just got reviewed.'),
(292, 64, '2021-07-05 03:34:30', 'Reviewer of mass reviewing', 6, 'You just got reviewed.'),
(293, 64, '2021-07-05 03:34:30', 'Reviewer of mass reviewing', 6, 'You just got reviewed.'),
(294, 64, '2021-07-05 03:34:30', 'Reviewer of mass reviewing', 6, 'You just got reviewed.'),
(295, 64, '2021-07-05 03:34:30', 'Reviewer of mass reviewing', 6, 'You just got reviewed.'),
(296, 64, '2021-07-05 03:34:30', 'Reviewer of mass reviewing', 6, 'You just got reviewed.'),
(297, 64, '2021-07-05 03:34:30', 'Reviewer of mass reviewing', 6, 'You just got reviewed.'),
(298, 64, '2021-07-05 03:34:31', 'Reviewer of mass reviewing', 6, 'You just got reviewed.'),
(299, 64, '2021-07-05 03:34:31', 'Reviewer of mass reviewing', 6, 'You just got reviewed.'),
(300, 64, '2021-07-05 03:34:31', 'Reviewer of mass reviewing', 6, 'You just got reviewed.'),
(301, 64, '2021-07-05 03:34:31', 'Reviewer of mass reviewing', 6, 'You just got reviewed.'),
(302, 64, '2021-07-05 03:34:31', 'Reviewer of mass reviewing', 6, 'You just got reviewed.'),
(303, 64, '2021-07-05 03:34:31', 'Reviewer of mass reviewing', 6, 'You just got reviewed.'),
(304, 64, '2021-07-05 03:34:31', 'Reviewer of mass reviewing', 6, 'You just got reviewed.'),
(305, 64, '2021-07-05 03:34:31', 'Reviewer of mass reviewing', 6, 'You just got reviewed.'),
(306, 64, '2021-07-05 03:34:31', 'Reviewer of mass reviewing', 6, 'You just got reviewed.'),
(307, 64, '2021-07-05 03:34:31', 'Reviewer of mass reviewing', 6, 'You just got reviewed.'),
(308, 64, '2021-07-05 03:34:31', 'Reviewer of mass reviewing', 6, 'You just got reviewed.'),
(309, 64, '2021-07-05 03:34:31', 'Reviewer of mass reviewing', 6, 'You just got reviewed.'),
(310, 64, '2021-07-05 03:34:31', 'Reviewer of mass reviewing', 6, 'You just got reviewed.'),
(311, 64, '2021-07-05 03:34:31', 'Reviewer of mass reviewing', 6, 'You just got reviewed.'),
(312, 64, '2021-07-05 03:34:31', 'Reviewer of mass reviewing', 6, 'You just got reviewed.'),
(313, 64, '2021-07-05 03:34:31', 'Reviewer of mass reviewing', 6, 'You just got reviewed.'),
(314, 64, '2021-07-05 03:34:31', 'Reviewer of mass reviewing', 6, 'You just got reviewed.'),
(315, 64, '2021-07-05 03:34:31', 'Reviewer of mass reviewing', 6, 'You just got reviewed.'),
(316, 64, '2021-07-05 03:34:31', 'Reviewer of mass reviewing', 6, 'You just got reviewed.'),
(317, 64, '2021-07-05 03:34:31', 'Reviewer of mass reviewing', 6, 'You just got reviewed.'),
(318, 64, '2021-07-05 03:34:31', 'Reviewer of mass reviewing', 6, 'You just got reviewed.'),
(319, 64, '2021-07-05 03:34:31', 'Reviewer of mass reviewing', 6, 'You just got reviewed.'),
(320, 64, '2021-07-05 03:34:31', 'Reviewer of mass reviewing', 6, 'You just got reviewed.'),
(321, 64, '2021-07-05 03:34:32', 'Reviewer of mass reviewing', 6, 'You just got reviewed.'),
(322, 64, '2021-07-05 03:34:32', 'Reviewer of mass reviewing', 6, 'You just got reviewed.'),
(323, 64, '2021-07-05 03:34:32', 'Reviewer of mass reviewing', 6, 'You just got reviewed.'),
(324, 64, '2021-07-05 03:34:32', 'Reviewer of mass reviewing', 6, 'You just got reviewed.'),
(325, 64, '2021-07-05 03:34:32', 'Reviewer of mass reviewing', 6, 'You just got reviewed.'),
(326, 64, '2021-07-05 03:34:32', 'Reviewer of mass reviewing', 6, 'You just got reviewed.'),
(327, 64, '2021-07-05 03:34:32', 'Reviewer of mass reviewing', 6, 'You just got reviewed.'),
(328, 64, '2021-07-05 03:34:32', 'Reviewer of mass reviewing', 6, 'You just got reviewed.'),
(329, 64, '2021-07-05 03:34:32', 'Reviewer of mass reviewing', 6, 'You just got reviewed.'),
(330, 64, '2021-07-05 03:34:32', 'Reviewer of mass reviewing', 6, 'You just got reviewed.'),
(331, 64, '2021-07-05 03:34:32', 'Reviewer of mass reviewing', 6, 'You just got reviewed.'),
(332, 64, '2021-07-05 03:34:32', 'Reviewer of mass reviewing', 6, 'You just got reviewed.'),
(333, 64, '2021-07-05 03:34:32', 'Reviewer of mass reviewing', 6, 'You just got reviewed.'),
(334, 64, '2021-07-05 03:34:32', 'Reviewer of mass reviewing', 6, 'You just got reviewed.'),
(335, 64, '2021-07-05 03:34:32', 'Reviewer of mass reviewing', 6, 'You just got reviewed.'),
(336, 64, '2021-07-05 03:34:32', 'Reviewer of mass reviewing', 6, 'You just got reviewed.'),
(337, 64, '2021-07-05 03:34:32', 'Reviewer of mass reviewing', 6, 'You just got reviewed.'),
(338, 64, '2021-07-05 03:34:32', 'Reviewer of mass reviewing', 6, 'You just got reviewed.'),
(339, 64, '2021-07-05 03:34:32', 'Reviewer of mass reviewing', 6, 'You just got reviewed.'),
(340, 64, '2021-07-05 03:34:32', 'Reviewer of mass reviewing', 6, 'You just got reviewed.'),
(341, 64, '2021-07-05 03:34:32', 'Reviewer of mass reviewing', 6, 'You just got reviewed.'),
(342, 64, '2021-07-05 03:34:32', 'Reviewer of mass reviewing', 6, 'You just got reviewed.'),
(343, 64, '2021-07-05 03:34:32', 'Reviewer of mass reviewing', 6, 'You just got reviewed.'),
(344, 64, '2021-07-05 03:34:32', 'Reviewer of mass reviewing', 6, 'You just got reviewed.'),
(345, 64, '2021-07-05 03:34:32', 'Reviewer of mass reviewing', 6, 'You just got reviewed.'),
(346, 64, '2021-07-05 03:34:32', 'Reviewer of mass reviewing', 6, 'You just got reviewed.'),
(347, 64, '2021-07-05 03:34:32', 'Reviewer of mass reviewing', 6, 'You just got reviewed.'),
(348, 64, '2021-07-05 03:34:32', 'Reviewer of mass reviewing', 6, 'You just got reviewed.'),
(349, 64, '2021-07-05 03:34:32', 'Reviewer of mass reviewing', 6, 'You just got reviewed.'),
(350, 64, '2021-07-05 03:34:32', 'Reviewer of mass reviewing', 6, 'You just got reviewed.'),
(351, 64, '2021-07-05 03:34:33', 'Reviewer of mass reviewing', 6, 'You just got reviewed.'),
(352, 64, '2021-07-05 03:34:33', 'Reviewer of mass reviewing', 6, 'You just got reviewed.'),
(353, 64, '2021-07-05 03:34:33', 'Reviewer of mass reviewing', 6, 'You just got reviewed.'),
(354, 64, '2021-07-05 03:34:33', 'Reviewer of mass reviewing', 6, 'You just got reviewed.'),
(355, 64, '2021-07-05 03:34:33', 'Reviewer of mass reviewing', 6, 'You just got reviewed.'),
(356, 64, '2021-07-05 03:34:33', 'Reviewer of mass reviewing', 6, 'You just got reviewed.'),
(357, 64, '2021-07-05 03:34:33', 'Reviewer of mass reviewing', 6, 'You just got reviewed.'),
(358, 64, '2021-07-05 03:34:33', 'Reviewer of mass reviewing', 6, 'You just got reviewed.'),
(359, 64, '2021-07-05 03:34:33', 'Reviewer of mass reviewing', 6, 'You just got reviewed.'),
(360, 64, '2021-07-05 03:34:33', 'Reviewer of mass reviewing', 6, 'You just got reviewed.'),
(361, 64, '2021-07-05 03:34:33', 'Reviewer of mass reviewing', 6, 'You just got reviewed.'),
(362, 64, '2021-07-05 03:34:33', 'Reviewer of mass reviewing', 6, 'You just got reviewed.'),
(363, 64, '2021-07-05 03:34:33', 'Reviewer of mass reviewing', 6, 'You just got reviewed.'),
(364, 64, '2021-07-05 03:34:33', 'Reviewer of mass reviewing', 6, 'You just got reviewed.'),
(365, 64, '2021-07-05 03:34:33', 'Reviewer of mass reviewing', 6, 'You just got reviewed.'),
(366, 64, '2021-07-05 03:34:33', 'Reviewer of mass reviewing', 6, 'You just got reviewed.'),
(367, 64, '2021-07-05 03:34:33', 'Reviewer of mass reviewing', 6, 'You just got reviewed.'),
(368, 64, '2021-07-05 03:34:33', 'Reviewer of mass reviewing', 6, 'You just got reviewed.'),
(369, 64, '2021-07-05 03:34:33', 'Reviewer of mass reviewing', 6, 'You just got reviewed.'),
(370, 64, '2021-07-05 03:34:33', 'Reviewer of mass reviewing', 6, 'You just got reviewed.'),
(371, 64, '2021-07-05 03:34:33', 'Reviewer of mass reviewing', 6, 'You just got reviewed.'),
(372, 64, '2021-07-05 03:34:33', 'Reviewer of mass reviewing', 6, 'You just got reviewed.'),
(373, 64, '2021-07-05 03:34:33', 'Reviewer of mass reviewing', 6, 'You just got reviewed.'),
(374, 64, '2021-07-05 03:34:33', 'Reviewer of mass reviewing', 6, 'You just got reviewed.'),
(375, 64, '2021-07-05 03:34:34', 'Reviewer of mass reviewing', 6, 'You just got reviewed.'),
(376, 64, '2021-07-05 03:34:34', 'Reviewer of mass reviewing', 6, 'You just got reviewed.'),
(377, 64, '2021-07-05 03:34:34', 'Reviewer of mass reviewing', 6, 'You just got reviewed.'),
(378, 64, '2021-07-05 03:34:34', 'Reviewer of mass reviewing', 6, 'You just got reviewed.'),
(379, 64, '2021-07-05 03:34:34', 'Reviewer of mass reviewing', 6, 'You just got reviewed.'),
(380, 64, '2021-07-05 03:34:34', 'Reviewer of mass reviewing', 6, 'You just got reviewed.'),
(381, 64, '2021-07-05 03:34:34', 'Reviewer of mass reviewing', 6, 'You just got reviewed.'),
(382, 64, '2021-07-05 03:34:34', 'Reviewer of mass reviewing', 6, 'You just got reviewed.'),
(383, 64, '2021-07-05 03:34:34', 'Reviewer of mass reviewing', 6, 'You just got reviewed.'),
(384, 64, '2021-07-05 03:34:34', 'Reviewer of mass reviewing', 6, 'You just got reviewed.'),
(385, 64, '2021-07-05 03:34:34', 'Reviewer of mass reviewing', 6, 'You just got reviewed.'),
(386, 64, '2021-07-05 03:34:34', 'Reviewer of mass reviewing', 6, 'You just got reviewed.'),
(387, 64, '2021-07-05 03:34:34', 'Reviewer of mass reviewing', 6, 'You just got reviewed.'),
(388, 64, '2021-07-05 03:34:34', 'Reviewer of mass reviewing', 6, 'You just got reviewed.'),
(389, 64, '2021-07-05 03:34:34', 'Reviewer of mass reviewing', 6, 'You just got reviewed.'),
(390, 64, '2021-07-05 03:34:34', 'Reviewer of mass reviewing', 6, 'You just got reviewed.'),
(391, 64, '2021-07-05 03:34:34', 'Reviewer of mass reviewing', 6, 'You just got reviewed.'),
(392, 64, '2021-07-05 03:34:34', 'Reviewer of mass reviewing', 6, 'You just got reviewed.'),
(393, 64, '2021-07-05 03:34:34', 'Reviewer of mass reviewing', 6, 'You just got reviewed.'),
(394, 64, '2021-07-05 03:34:34', 'Reviewer of mass reviewing', 6, 'You just got reviewed.'),
(395, 64, '2021-07-05 03:34:34', 'Reviewer of mass reviewing', 6, 'You just got reviewed.'),
(396, 64, '2021-07-05 03:34:34', 'Reviewer of mass reviewing', 6, 'You just got reviewed.'),
(397, 64, '2021-07-05 03:34:34', 'Reviewer of mass reviewing', 6, 'You just got reviewed.'),
(398, 64, '2021-07-05 03:34:34', 'Reviewer of mass reviewing', 6, 'You just got reviewed.'),
(399, 64, '2021-07-05 03:34:34', 'Reviewer of mass reviewing', 6, 'You just got reviewed.'),
(400, 64, '2021-07-05 03:34:34', 'Reviewer of mass reviewing', 6, 'You just got reviewed.'),
(401, 64, '2021-07-05 03:34:34', 'Reviewer of mass reviewing', 6, 'You just got reviewed.'),
(402, 64, '2021-07-05 03:34:34', 'Reviewer of mass reviewing', 6, 'You just got reviewed.'),
(403, 64, '2021-07-05 03:34:34', 'Reviewer of mass reviewing', 6, 'You just got reviewed.'),
(404, 64, '2021-07-05 03:34:34', 'Reviewer of mass reviewing', 6, 'You just got reviewed.'),
(405, 64, '2021-07-05 03:34:35', 'Reviewer of mass reviewing', 6, 'You just got reviewed.'),
(406, 64, '2021-07-05 03:34:35', 'Reviewer of mass reviewing', 6, 'You just got reviewed.'),
(407, 64, '2021-07-05 03:34:35', 'Reviewer of mass reviewing', 6, 'You just got reviewed.'),
(408, 64, '2021-07-05 03:34:35', 'Reviewer of mass reviewing', 6, 'You just got reviewed.'),
(409, 64, '2021-07-05 03:34:35', 'Reviewer of mass reviewing', 6, 'You just got reviewed.'),
(410, 64, '2021-07-05 03:34:35', 'Reviewer of mass reviewing', 6, 'You just got reviewed.'),
(411, 64, '2021-07-05 03:34:35', 'Reviewer of mass reviewing', 6, 'You just got reviewed.'),
(412, 64, '2021-07-05 03:34:35', 'Reviewer of mass reviewing', 6, 'You just got reviewed.'),
(413, 64, '2021-07-05 03:34:35', 'Reviewer of mass reviewing', 6, 'You just got reviewed.'),
(414, 64, '2021-07-05 03:34:35', 'Reviewer of mass reviewing', 6, 'You just got reviewed.'),
(415, 64, '2021-07-05 03:34:35', 'Reviewer of mass reviewing', 6, 'You just got reviewed.'),
(416, 64, '2021-07-05 03:34:35', 'Reviewer of mass reviewing', 6, 'You just got reviewed.'),
(417, 64, '2021-07-05 03:34:35', 'Reviewer of mass reviewing', 6, 'You just got reviewed.'),
(418, 64, '2021-07-05 03:34:35', 'Reviewer of mass reviewing', 6, 'You just got reviewed.'),
(419, 64, '2021-07-05 03:34:35', 'Reviewer of mass reviewing', 6, 'You just got reviewed.'),
(420, 64, '2021-07-05 03:34:35', 'Reviewer of mass reviewing', 6, 'You just got reviewed.'),
(421, 64, '2021-07-05 03:34:35', 'Reviewer of mass reviewing', 6, 'You just got reviewed.'),
(422, 64, '2021-07-05 03:34:35', 'Reviewer of mass reviewing', 6, 'You just got reviewed.'),
(423, 64, '2021-07-05 03:34:35', 'Reviewer of mass reviewing', 6, 'You just got reviewed.'),
(424, 64, '2021-07-05 03:34:35', 'Reviewer of mass reviewing', 6, 'You just got reviewed.'),
(425, 64, '2021-07-05 03:34:35', 'Reviewer of mass reviewing', 6, 'You just got reviewed.'),
(426, 64, '2021-07-05 03:34:35', 'Reviewer of mass reviewing', 6, 'You just got reviewed.'),
(427, 64, '2021-07-05 03:34:35', 'Reviewer of mass reviewing', 6, 'You just got reviewed.'),
(428, 64, '2021-07-05 03:34:35', 'Reviewer of mass reviewing', 6, 'You just got reviewed.'),
(429, 64, '2021-07-05 03:34:35', 'Reviewer of mass reviewing', 6, 'You just got reviewed.'),
(430, 64, '2021-07-05 03:34:36', 'Reviewer of mass reviewing', 6, 'You just got reviewed.'),
(431, 64, '2021-07-05 03:34:36', 'Reviewer of mass reviewing', 6, 'You just got reviewed.'),
(432, 64, '2021-07-05 03:34:36', 'Reviewer of mass reviewing', 6, 'You just got reviewed.'),
(433, 64, '2021-07-05 03:34:36', 'Reviewer of mass reviewing', 6, 'You just got reviewed.'),
(434, 64, '2021-07-05 03:34:36', 'Reviewer of mass reviewing', 6, 'You just got reviewed.'),
(435, 64, '2021-07-05 03:34:36', 'Reviewer of mass reviewing', 6, 'You just got reviewed.'),
(436, 64, '2021-07-05 03:34:36', 'Reviewer of mass reviewing', 6, 'You just got reviewed.'),
(437, 64, '2021-07-05 03:34:36', 'Reviewer of mass reviewing', 6, 'You just got reviewed.'),
(438, 64, '2021-07-05 03:34:36', 'Reviewer of mass reviewing', 6, 'You just got reviewed.'),
(439, 64, '2021-07-05 03:34:36', 'Reviewer of mass reviewing', 6, 'You just got reviewed.'),
(440, 64, '2021-07-05 03:34:36', 'Reviewer of mass reviewing', 6, 'You just got reviewed.'),
(441, 64, '2021-07-05 03:34:36', 'Reviewer of mass reviewing', 6, 'You just got reviewed.'),
(442, 64, '2021-07-05 03:34:36', 'Reviewer of mass reviewing', 6, 'You just got reviewed.'),
(443, 64, '2021-07-05 03:34:36', 'Reviewer of mass reviewing', 6, 'You just got reviewed.'),
(444, 64, '2021-07-05 03:34:36', 'Reviewer of mass reviewing', 6, 'You just got reviewed.'),
(445, 64, '2021-07-05 03:34:36', 'Reviewer of mass reviewing', 6, 'You just got reviewed.'),
(446, 64, '2021-07-05 03:34:36', 'Reviewer of mass reviewing', 6, 'You just got reviewed.'),
(447, 64, '2021-07-05 03:34:36', 'Reviewer of mass reviewing', 6, 'You just got reviewed.'),
(448, 64, '2021-07-05 03:34:36', 'Reviewer of mass reviewing', 6, 'You just got reviewed.'),
(449, 64, '2021-07-05 03:34:36', 'Reviewer of mass reviewing', 6, 'You just got reviewed.'),
(450, 64, '2021-07-05 03:34:36', 'Reviewer of mass reviewing', 6, 'You just got reviewed.'),
(451, 64, '2021-07-05 03:34:36', 'Reviewer of mass reviewing', 6, 'You just got reviewed.'),
(452, 64, '2021-07-05 03:34:36', 'Reviewer of mass reviewing', 6, 'You just got reviewed.'),
(453, 64, '2021-07-05 03:34:36', 'Reviewer of mass reviewing', 6, 'You just got reviewed.'),
(454, 64, '2021-07-05 03:34:36', 'Reviewer of mass reviewing', 6, 'You just got reviewed.'),
(455, 64, '2021-07-05 03:34:36', 'Reviewer of mass reviewing', 6, 'You just got reviewed.'),
(456, 64, '2021-07-05 03:34:36', 'Reviewer of mass reviewing', 6, 'You just got reviewed.'),
(457, 64, '2021-07-05 03:34:37', 'Reviewer of mass reviewing', 6, 'You just got reviewed.'),
(458, 64, '2021-07-05 03:34:37', 'Reviewer of mass reviewing', 6, 'You just got reviewed.'),
(459, 64, '2021-07-05 03:34:37', 'Reviewer of mass reviewing', 6, 'You just got reviewed.'),
(460, 64, '2021-07-05 03:34:37', 'Reviewer of mass reviewing', 6, 'You just got reviewed.'),
(461, 64, '2021-07-05 03:34:37', 'Reviewer of mass reviewing', 6, 'You just got reviewed.'),
(462, 64, '2021-07-05 03:34:37', 'Reviewer of mass reviewing', 6, 'You just got reviewed.'),
(463, 64, '2021-07-05 03:34:37', 'Reviewer of mass reviewing', 6, 'You just got reviewed.'),
(464, 64, '2021-07-05 03:34:37', 'Reviewer of mass reviewing', 6, 'You just got reviewed.'),
(465, 64, '2021-07-05 03:34:37', 'Reviewer of mass reviewing', 6, 'You just got reviewed.'),
(466, 64, '2021-07-05 03:34:37', 'Reviewer of mass reviewing', 6, 'You just got reviewed.'),
(467, 64, '2021-07-05 03:34:37', 'Reviewer of mass reviewing', 6, 'You just got reviewed.'),
(468, 64, '2021-07-05 03:34:37', 'Reviewer of mass reviewing', 6, 'You just got reviewed.'),
(469, 64, '2021-07-05 03:34:37', 'Reviewer of mass reviewing', 6, 'You just got reviewed.'),
(470, 64, '2021-07-05 03:34:37', 'Reviewer of mass reviewing', 6, 'You just got reviewed.'),
(471, 64, '2021-07-05 03:34:37', 'Reviewer of mass reviewing', 6, 'You just got reviewed.'),
(472, 64, '2021-07-05 03:34:37', 'Reviewer of mass reviewing', 6, 'You just got reviewed.'),
(473, 64, '2021-07-05 03:34:37', 'Reviewer of mass reviewing', 6, 'You just got reviewed.'),
(474, 64, '2021-07-05 03:34:37', 'Reviewer of mass reviewing', 6, 'You just got reviewed.'),
(475, 64, '2021-07-05 03:34:37', 'Reviewer of mass reviewing', 6, 'You just got reviewed.'),
(476, 64, '2021-07-05 03:34:37', 'Reviewer of mass reviewing', 6, 'You just got reviewed.'),
(477, 64, '2021-07-05 03:34:37', 'Reviewer of mass reviewing', 6, 'You just got reviewed.'),
(478, 64, '2021-07-05 03:34:37', 'Reviewer of mass reviewing', 6, 'You just got reviewed.'),
(479, 64, '2021-07-05 03:34:37', 'Reviewer of mass reviewing', 6, 'You just got reviewed.'),
(480, 64, '2021-07-05 03:34:37', 'Reviewer of mass reviewing', 6, 'You just got reviewed.'),
(481, 64, '2021-07-05 03:34:37', 'Reviewer of mass reviewing', 6, 'You just got reviewed.'),
(482, 65, '2021-07-05 03:37:47', 'Reviewer of mass reviewing', 7, 'This is a really long review.\r\n\r\nWhat is Lorem Ipsum?\r\nLorem Ipsum is simply dummy text of the printing and typesetting industry. Lorem Ipsum has been the industry\'s standard dummy text ever since the 1500s, when an unknown printer took a galley of type and scrambled it to make a type specimen book. It has survived not only five centuries, but also the leap into electronic typesetting, remaining essentially unchanged. It was popularised in the 1960s with the release of Letraset sheets containing Lorem Ipsum passages, and more recently with desktop publishing software like Aldus PageMaker including versions of Lorem Ipsum.\r\n                                                                                         \r\nWhy do we use it?\r\nIt is a long established fact that a reader will be distracted by the readable content of a page when looking at its layout. The point of using Lorem Ipsum is that it has a more-or-less normal distribution of letters, as opposed to using \'Content here, content here\', making it look like readable English. Many desktop publishing packages and web page editors now use Lorem Ipsum as their default model text, and a search for \'lorem ipsum\' will uncover many web sites still in their infancy. Various versions have evolved over the years, sometimes by accident, sometimes on purpose (injected humour and the like).\r\n\r\n\r\nWhere does it come from?\r\nContrary to popular belief, Lorem Ipsum is not simply random text. It has roots in a piece of classical Latin literature from 45 BC, making it over 2000 years old. Richard McClintock, a Latin professor at Hampden-Sydney College in Virginia, looked up one of the more obscure Latin words, consectetur, from a Lorem Ipsum passage, and going through the cites of the word in classical literature, discovered the undoubtable source. Lorem Ipsum comes from sections 1.10.32 and 1.10.33 of \"de Finibus Bonorum et Malorum\" (The Extremes of Good and Evil) by Cicero, written in 45 BC. This book is a treatise on the theory of ethics, very popular during the Renaissance. The first line of Lorem Ipsum, \"Lorem ipsum dolor sit amet..\", comes from a line in section 1.10.32.\r\n\r\nThe standard chunk of Lorem Ipsum used since the 1500s is reproduced below for those interested. Sections 1.10.32 and 1.10.33 from \"de Finibus Bonorum et Malorum\" by Cicero are also reproduced in their exact original form, accompanied by English versions from the 1914 translation by H. Rackham.\r\n\r\nWhere can I get some?\r\nThere are many variations of passages of Lorem Ipsum available, but the majority have suffered alteration in some form, by injected humour, or randomised words which don\'t look even slightly believable. If you are going to use a passage of Lorem Ipsum, you need to be sure there isn\'t anything embarrassing hidden in the middle of text. All the Lorem Ipsum generators on the Internet tend to repeat predefined chunks as necessary, making this the first true generator on the Internet. It uses a dictionary of over 200 Latin words, combined with a handful of model sentence structures, to generate Lorem Ipsum which looks reasonable. The generated Lorem Ipsum is therefore always free from repetition, injected humour, or non-characteristic words etc.');
INSERT INTO `review` (`id`, `restaurant`, `timestamp`, `reviewer`, `rating`, `content`) VALUES
(483, 65, '2021-07-05 03:38:03', 'Reviewer of mass reviewing', 7, 'This is a really long review.\r\n\r\nWhat is Lorem Ipsum?\r\nLorem Ipsum is simply dummy text of the printing and typesetting industry. Lorem Ipsum has been the industry\'s standard dummy text ever since the 1500s, when an unknown printer took a galley of type and scrambled it to make a type specimen book. It has survived not only five centuries, but also the leap into electronic typesetting, remaining essentially unchanged. It was popularised in the 1960s with the release of Letraset sheets containing Lorem Ipsum passages, and more recently with desktop publishing software like Aldus PageMaker including versions of Lorem Ipsum.\r\n                                                                                         \r\nWhy do we use it?\r\nIt is a long established fact that a reader will be distracted by the readable content of a page when looking at its layout. The point of using Lorem Ipsum is that it has a more-or-less normal distribution of letters, as opposed to using \'Content here, content here\', making it look like readable English. Many desktop publishing packages and web page editors now use Lorem Ipsum as their default model text, and a search for \'lorem ipsum\' will uncover many web sites still in their infancy. Various versions have evolved over the years, sometimes by accident, sometimes on purpose (injected humour and the like).\r\n\r\n\r\nWhere does it come from?\r\nContrary to popular belief, Lorem Ipsum is not simply random text. It has roots in a piece of classical Latin literature from 45 BC, making it over 2000 years old. Richard McClintock, a Latin professor at Hampden-Sydney College in Virginia, looked up one of the more obscure Latin words, consectetur, from a Lorem Ipsum passage, and going through the cites of the word in classical literature, discovered the undoubtable source. Lorem Ipsum comes from sections 1.10.32 and 1.10.33 of \"de Finibus Bonorum et Malorum\" (The Extremes of Good and Evil) by Cicero, written in 45 BC. This book is a treatise on the theory of ethics, very popular during the Renaissance. The first line of Lorem Ipsum, \"Lorem ipsum dolor sit amet..\", comes from a line in section 1.10.32.\r\n\r\nThe standard chunk of Lorem Ipsum used since the 1500s is reproduced below for those interested. Sections 1.10.32 and 1.10.33 from \"de Finibus Bonorum et Malorum\" by Cicero are also reproduced in their exact original form, accompanied by English versions from the 1914 translation by H. Rackham.\r\n\r\nWhere can I get some?\r\nThere are many variations of passages of Lorem Ipsum available, but the majority have suffered alteration in some form, by injected humour, or randomised words which don\'t look even slightly believable. If you are going to use a passage of Lorem Ipsum, you need to be sure there isn\'t anything embarrassing hidden in the middle of text. All the Lorem Ipsum generators on the Internet tend to repeat predefined chunks as necessary, making this the first true generator on the Internet. It uses a dictionary of over 200 Latin words, combined with a handful of model sentence structures, to generate Lorem Ipsum which looks reasonable. The generated Lorem Ipsum is therefore always free from repetition, injected humour, or non-characteristic words etc.'),
(484, 65, '2021-07-05 03:38:03', 'Reviewer of mass reviewing', 7, 'This is a really long review.\r\n\r\nWhat is Lorem Ipsum?\r\nLorem Ipsum is simply dummy text of the printing and typesetting industry. Lorem Ipsum has been the industry\'s standard dummy text ever since the 1500s, when an unknown printer took a galley of type and scrambled it to make a type specimen book. It has survived not only five centuries, but also the leap into electronic typesetting, remaining essentially unchanged. It was popularised in the 1960s with the release of Letraset sheets containing Lorem Ipsum passages, and more recently with desktop publishing software like Aldus PageMaker including versions of Lorem Ipsum.\r\n                                                                                         \r\nWhy do we use it?\r\nIt is a long established fact that a reader will be distracted by the readable content of a page when looking at its layout. The point of using Lorem Ipsum is that it has a more-or-less normal distribution of letters, as opposed to using \'Content here, content here\', making it look like readable English. Many desktop publishing packages and web page editors now use Lorem Ipsum as their default model text, and a search for \'lorem ipsum\' will uncover many web sites still in their infancy. Various versions have evolved over the years, sometimes by accident, sometimes on purpose (injected humour and the like).\r\n\r\n\r\nWhere does it come from?\r\nContrary to popular belief, Lorem Ipsum is not simply random text. It has roots in a piece of classical Latin literature from 45 BC, making it over 2000 years old. Richard McClintock, a Latin professor at Hampden-Sydney College in Virginia, looked up one of the more obscure Latin words, consectetur, from a Lorem Ipsum passage, and going through the cites of the word in classical literature, discovered the undoubtable source. Lorem Ipsum comes from sections 1.10.32 and 1.10.33 of \"de Finibus Bonorum et Malorum\" (The Extremes of Good and Evil) by Cicero, written in 45 BC. This book is a treatise on the theory of ethics, very popular during the Renaissance. The first line of Lorem Ipsum, \"Lorem ipsum dolor sit amet..\", comes from a line in section 1.10.32.\r\n\r\nThe standard chunk of Lorem Ipsum used since the 1500s is reproduced below for those interested. Sections 1.10.32 and 1.10.33 from \"de Finibus Bonorum et Malorum\" by Cicero are also reproduced in their exact original form, accompanied by English versions from the 1914 translation by H. Rackham.\r\n\r\nWhere can I get some?\r\nThere are many variations of passages of Lorem Ipsum available, but the majority have suffered alteration in some form, by injected humour, or randomised words which don\'t look even slightly believable. If you are going to use a passage of Lorem Ipsum, you need to be sure there isn\'t anything embarrassing hidden in the middle of text. All the Lorem Ipsum generators on the Internet tend to repeat predefined chunks as necessary, making this the first true generator on the Internet. It uses a dictionary of over 200 Latin words, combined with a handful of model sentence structures, to generate Lorem Ipsum which looks reasonable. The generated Lorem Ipsum is therefore always free from repetition, injected humour, or non-characteristic words etc.'),
(485, 65, '2021-07-05 03:38:04', 'Reviewer of mass reviewing', 7, 'This is a really long review.\r\n\r\nWhat is Lorem Ipsum?\r\nLorem Ipsum is simply dummy text of the printing and typesetting industry. Lorem Ipsum has been the industry\'s standard dummy text ever since the 1500s, when an unknown printer took a galley of type and scrambled it to make a type specimen book. It has survived not only five centuries, but also the leap into electronic typesetting, remaining essentially unchanged. It was popularised in the 1960s with the release of Letraset sheets containing Lorem Ipsum passages, and more recently with desktop publishing software like Aldus PageMaker including versions of Lorem Ipsum.\r\n                                                                                         \r\nWhy do we use it?\r\nIt is a long established fact that a reader will be distracted by the readable content of a page when looking at its layout. The point of using Lorem Ipsum is that it has a more-or-less normal distribution of letters, as opposed to using \'Content here, content here\', making it look like readable English. Many desktop publishing packages and web page editors now use Lorem Ipsum as their default model text, and a search for \'lorem ipsum\' will uncover many web sites still in their infancy. Various versions have evolved over the years, sometimes by accident, sometimes on purpose (injected humour and the like).\r\n\r\n\r\nWhere does it come from?\r\nContrary to popular belief, Lorem Ipsum is not simply random text. It has roots in a piece of classical Latin literature from 45 BC, making it over 2000 years old. Richard McClintock, a Latin professor at Hampden-Sydney College in Virginia, looked up one of the more obscure Latin words, consectetur, from a Lorem Ipsum passage, and going through the cites of the word in classical literature, discovered the undoubtable source. Lorem Ipsum comes from sections 1.10.32 and 1.10.33 of \"de Finibus Bonorum et Malorum\" (The Extremes of Good and Evil) by Cicero, written in 45 BC. This book is a treatise on the theory of ethics, very popular during the Renaissance. The first line of Lorem Ipsum, \"Lorem ipsum dolor sit amet..\", comes from a line in section 1.10.32.\r\n\r\nThe standard chunk of Lorem Ipsum used since the 1500s is reproduced below for those interested. Sections 1.10.32 and 1.10.33 from \"de Finibus Bonorum et Malorum\" by Cicero are also reproduced in their exact original form, accompanied by English versions from the 1914 translation by H. Rackham.\r\n\r\nWhere can I get some?\r\nThere are many variations of passages of Lorem Ipsum available, but the majority have suffered alteration in some form, by injected humour, or randomised words which don\'t look even slightly believable. If you are going to use a passage of Lorem Ipsum, you need to be sure there isn\'t anything embarrassing hidden in the middle of text. All the Lorem Ipsum generators on the Internet tend to repeat predefined chunks as necessary, making this the first true generator on the Internet. It uses a dictionary of over 200 Latin words, combined with a handful of model sentence structures, to generate Lorem Ipsum which looks reasonable. The generated Lorem Ipsum is therefore always free from repetition, injected humour, or non-characteristic words etc.'),
(486, 65, '2021-07-05 03:38:04', 'Reviewer of mass reviewing', 7, 'This is a really long review.\r\n\r\nWhat is Lorem Ipsum?\r\nLorem Ipsum is simply dummy text of the printing and typesetting industry. Lorem Ipsum has been the industry\'s standard dummy text ever since the 1500s, when an unknown printer took a galley of type and scrambled it to make a type specimen book. It has survived not only five centuries, but also the leap into electronic typesetting, remaining essentially unchanged. It was popularised in the 1960s with the release of Letraset sheets containing Lorem Ipsum passages, and more recently with desktop publishing software like Aldus PageMaker including versions of Lorem Ipsum.\r\n                                                                                         \r\nWhy do we use it?\r\nIt is a long established fact that a reader will be distracted by the readable content of a page when looking at its layout. The point of using Lorem Ipsum is that it has a more-or-less normal distribution of letters, as opposed to using \'Content here, content here\', making it look like readable English. Many desktop publishing packages and web page editors now use Lorem Ipsum as their default model text, and a search for \'lorem ipsum\' will uncover many web sites still in their infancy. Various versions have evolved over the years, sometimes by accident, sometimes on purpose (injected humour and the like).\r\n\r\n\r\nWhere does it come from?\r\nContrary to popular belief, Lorem Ipsum is not simply random text. It has roots in a piece of classical Latin literature from 45 BC, making it over 2000 years old. Richard McClintock, a Latin professor at Hampden-Sydney College in Virginia, looked up one of the more obscure Latin words, consectetur, from a Lorem Ipsum passage, and going through the cites of the word in classical literature, discovered the undoubtable source. Lorem Ipsum comes from sections 1.10.32 and 1.10.33 of \"de Finibus Bonorum et Malorum\" (The Extremes of Good and Evil) by Cicero, written in 45 BC. This book is a treatise on the theory of ethics, very popular during the Renaissance. The first line of Lorem Ipsum, \"Lorem ipsum dolor sit amet..\", comes from a line in section 1.10.32.\r\n\r\nThe standard chunk of Lorem Ipsum used since the 1500s is reproduced below for those interested. Sections 1.10.32 and 1.10.33 from \"de Finibus Bonorum et Malorum\" by Cicero are also reproduced in their exact original form, accompanied by English versions from the 1914 translation by H. Rackham.\r\n\r\nWhere can I get some?\r\nThere are many variations of passages of Lorem Ipsum available, but the majority have suffered alteration in some form, by injected humour, or randomised words which don\'t look even slightly believable. If you are going to use a passage of Lorem Ipsum, you need to be sure there isn\'t anything embarrassing hidden in the middle of text. All the Lorem Ipsum generators on the Internet tend to repeat predefined chunks as necessary, making this the first true generator on the Internet. It uses a dictionary of over 200 Latin words, combined with a handful of model sentence structures, to generate Lorem Ipsum which looks reasonable. The generated Lorem Ipsum is therefore always free from repetition, injected humour, or non-characteristic words etc.'),
(487, 65, '2021-07-05 03:38:04', 'Reviewer of mass reviewing', 7, 'This is a really long review.\r\n\r\nWhat is Lorem Ipsum?\r\nLorem Ipsum is simply dummy text of the printing and typesetting industry. Lorem Ipsum has been the industry\'s standard dummy text ever since the 1500s, when an unknown printer took a galley of type and scrambled it to make a type specimen book. It has survived not only five centuries, but also the leap into electronic typesetting, remaining essentially unchanged. It was popularised in the 1960s with the release of Letraset sheets containing Lorem Ipsum passages, and more recently with desktop publishing software like Aldus PageMaker including versions of Lorem Ipsum.\r\n                                                                                         \r\nWhy do we use it?\r\nIt is a long established fact that a reader will be distracted by the readable content of a page when looking at its layout. The point of using Lorem Ipsum is that it has a more-or-less normal distribution of letters, as opposed to using \'Content here, content here\', making it look like readable English. Many desktop publishing packages and web page editors now use Lorem Ipsum as their default model text, and a search for \'lorem ipsum\' will uncover many web sites still in their infancy. Various versions have evolved over the years, sometimes by accident, sometimes on purpose (injected humour and the like).\r\n\r\n\r\nWhere does it come from?\r\nContrary to popular belief, Lorem Ipsum is not simply random text. It has roots in a piece of classical Latin literature from 45 BC, making it over 2000 years old. Richard McClintock, a Latin professor at Hampden-Sydney College in Virginia, looked up one of the more obscure Latin words, consectetur, from a Lorem Ipsum passage, and going through the cites of the word in classical literature, discovered the undoubtable source. Lorem Ipsum comes from sections 1.10.32 and 1.10.33 of \"de Finibus Bonorum et Malorum\" (The Extremes of Good and Evil) by Cicero, written in 45 BC. This book is a treatise on the theory of ethics, very popular during the Renaissance. The first line of Lorem Ipsum, \"Lorem ipsum dolor sit amet..\", comes from a line in section 1.10.32.\r\n\r\nThe standard chunk of Lorem Ipsum used since the 1500s is reproduced below for those interested. Sections 1.10.32 and 1.10.33 from \"de Finibus Bonorum et Malorum\" by Cicero are also reproduced in their exact original form, accompanied by English versions from the 1914 translation by H. Rackham.\r\n\r\nWhere can I get some?\r\nThere are many variations of passages of Lorem Ipsum available, but the majority have suffered alteration in some form, by injected humour, or randomised words which don\'t look even slightly believable. If you are going to use a passage of Lorem Ipsum, you need to be sure there isn\'t anything embarrassing hidden in the middle of text. All the Lorem Ipsum generators on the Internet tend to repeat predefined chunks as necessary, making this the first true generator on the Internet. It uses a dictionary of over 200 Latin words, combined with a handful of model sentence structures, to generate Lorem Ipsum which looks reasonable. The generated Lorem Ipsum is therefore always free from repetition, injected humour, or non-characteristic words etc.'),
(488, 65, '2021-07-05 03:38:04', 'Reviewer of mass reviewing', 7, 'This is a really long review.\r\n\r\nWhat is Lorem Ipsum?\r\nLorem Ipsum is simply dummy text of the printing and typesetting industry. Lorem Ipsum has been the industry\'s standard dummy text ever since the 1500s, when an unknown printer took a galley of type and scrambled it to make a type specimen book. It has survived not only five centuries, but also the leap into electronic typesetting, remaining essentially unchanged. It was popularised in the 1960s with the release of Letraset sheets containing Lorem Ipsum passages, and more recently with desktop publishing software like Aldus PageMaker including versions of Lorem Ipsum.\r\n                                                                                         \r\nWhy do we use it?\r\nIt is a long established fact that a reader will be distracted by the readable content of a page when looking at its layout. The point of using Lorem Ipsum is that it has a more-or-less normal distribution of letters, as opposed to using \'Content here, content here\', making it look like readable English. Many desktop publishing packages and web page editors now use Lorem Ipsum as their default model text, and a search for \'lorem ipsum\' will uncover many web sites still in their infancy. Various versions have evolved over the years, sometimes by accident, sometimes on purpose (injected humour and the like).\r\n\r\n\r\nWhere does it come from?\r\nContrary to popular belief, Lorem Ipsum is not simply random text. It has roots in a piece of classical Latin literature from 45 BC, making it over 2000 years old. Richard McClintock, a Latin professor at Hampden-Sydney College in Virginia, looked up one of the more obscure Latin words, consectetur, from a Lorem Ipsum passage, and going through the cites of the word in classical literature, discovered the undoubtable source. Lorem Ipsum comes from sections 1.10.32 and 1.10.33 of \"de Finibus Bonorum et Malorum\" (The Extremes of Good and Evil) by Cicero, written in 45 BC. This book is a treatise on the theory of ethics, very popular during the Renaissance. The first line of Lorem Ipsum, \"Lorem ipsum dolor sit amet..\", comes from a line in section 1.10.32.\r\n\r\nThe standard chunk of Lorem Ipsum used since the 1500s is reproduced below for those interested. Sections 1.10.32 and 1.10.33 from \"de Finibus Bonorum et Malorum\" by Cicero are also reproduced in their exact original form, accompanied by English versions from the 1914 translation by H. Rackham.\r\n\r\nWhere can I get some?\r\nThere are many variations of passages of Lorem Ipsum available, but the majority have suffered alteration in some form, by injected humour, or randomised words which don\'t look even slightly believable. If you are going to use a passage of Lorem Ipsum, you need to be sure there isn\'t anything embarrassing hidden in the middle of text. All the Lorem Ipsum generators on the Internet tend to repeat predefined chunks as necessary, making this the first true generator on the Internet. It uses a dictionary of over 200 Latin words, combined with a handful of model sentence structures, to generate Lorem Ipsum which looks reasonable. The generated Lorem Ipsum is therefore always free from repetition, injected humour, or non-characteristic words etc.'),
(489, 65, '2021-07-05 03:38:04', 'Reviewer of mass reviewing', 7, 'This is a really long review.\r\n\r\nWhat is Lorem Ipsum?\r\nLorem Ipsum is simply dummy text of the printing and typesetting industry. Lorem Ipsum has been the industry\'s standard dummy text ever since the 1500s, when an unknown printer took a galley of type and scrambled it to make a type specimen book. It has survived not only five centuries, but also the leap into electronic typesetting, remaining essentially unchanged. It was popularised in the 1960s with the release of Letraset sheets containing Lorem Ipsum passages, and more recently with desktop publishing software like Aldus PageMaker including versions of Lorem Ipsum.\r\n                                                                                         \r\nWhy do we use it?\r\nIt is a long established fact that a reader will be distracted by the readable content of a page when looking at its layout. The point of using Lorem Ipsum is that it has a more-or-less normal distribution of letters, as opposed to using \'Content here, content here\', making it look like readable English. Many desktop publishing packages and web page editors now use Lorem Ipsum as their default model text, and a search for \'lorem ipsum\' will uncover many web sites still in their infancy. Various versions have evolved over the years, sometimes by accident, sometimes on purpose (injected humour and the like).\r\n\r\n\r\nWhere does it come from?\r\nContrary to popular belief, Lorem Ipsum is not simply random text. It has roots in a piece of classical Latin literature from 45 BC, making it over 2000 years old. Richard McClintock, a Latin professor at Hampden-Sydney College in Virginia, looked up one of the more obscure Latin words, consectetur, from a Lorem Ipsum passage, and going through the cites of the word in classical literature, discovered the undoubtable source. Lorem Ipsum comes from sections 1.10.32 and 1.10.33 of \"de Finibus Bonorum et Malorum\" (The Extremes of Good and Evil) by Cicero, written in 45 BC. This book is a treatise on the theory of ethics, very popular during the Renaissance. The first line of Lorem Ipsum, \"Lorem ipsum dolor sit amet..\", comes from a line in section 1.10.32.\r\n\r\nThe standard chunk of Lorem Ipsum used since the 1500s is reproduced below for those interested. Sections 1.10.32 and 1.10.33 from \"de Finibus Bonorum et Malorum\" by Cicero are also reproduced in their exact original form, accompanied by English versions from the 1914 translation by H. Rackham.\r\n\r\nWhere can I get some?\r\nThere are many variations of passages of Lorem Ipsum available, but the majority have suffered alteration in some form, by injected humour, or randomised words which don\'t look even slightly believable. If you are going to use a passage of Lorem Ipsum, you need to be sure there isn\'t anything embarrassing hidden in the middle of text. All the Lorem Ipsum generators on the Internet tend to repeat predefined chunks as necessary, making this the first true generator on the Internet. It uses a dictionary of over 200 Latin words, combined with a handful of model sentence structures, to generate Lorem Ipsum which looks reasonable. The generated Lorem Ipsum is therefore always free from repetition, injected humour, or non-characteristic words etc.'),
(490, 65, '2021-07-05 03:38:04', 'Reviewer of mass reviewing', 7, 'This is a really long review.\r\n\r\nWhat is Lorem Ipsum?\r\nLorem Ipsum is simply dummy text of the printing and typesetting industry. Lorem Ipsum has been the industry\'s standard dummy text ever since the 1500s, when an unknown printer took a galley of type and scrambled it to make a type specimen book. It has survived not only five centuries, but also the leap into electronic typesetting, remaining essentially unchanged. It was popularised in the 1960s with the release of Letraset sheets containing Lorem Ipsum passages, and more recently with desktop publishing software like Aldus PageMaker including versions of Lorem Ipsum.\r\n                                                                                         \r\nWhy do we use it?\r\nIt is a long established fact that a reader will be distracted by the readable content of a page when looking at its layout. The point of using Lorem Ipsum is that it has a more-or-less normal distribution of letters, as opposed to using \'Content here, content here\', making it look like readable English. Many desktop publishing packages and web page editors now use Lorem Ipsum as their default model text, and a search for \'lorem ipsum\' will uncover many web sites still in their infancy. Various versions have evolved over the years, sometimes by accident, sometimes on purpose (injected humour and the like).\r\n\r\n\r\nWhere does it come from?\r\nContrary to popular belief, Lorem Ipsum is not simply random text. It has roots in a piece of classical Latin literature from 45 BC, making it over 2000 years old. Richard McClintock, a Latin professor at Hampden-Sydney College in Virginia, looked up one of the more obscure Latin words, consectetur, from a Lorem Ipsum passage, and going through the cites of the word in classical literature, discovered the undoubtable source. Lorem Ipsum comes from sections 1.10.32 and 1.10.33 of \"de Finibus Bonorum et Malorum\" (The Extremes of Good and Evil) by Cicero, written in 45 BC. This book is a treatise on the theory of ethics, very popular during the Renaissance. The first line of Lorem Ipsum, \"Lorem ipsum dolor sit amet..\", comes from a line in section 1.10.32.\r\n\r\nThe standard chunk of Lorem Ipsum used since the 1500s is reproduced below for those interested. Sections 1.10.32 and 1.10.33 from \"de Finibus Bonorum et Malorum\" by Cicero are also reproduced in their exact original form, accompanied by English versions from the 1914 translation by H. Rackham.\r\n\r\nWhere can I get some?\r\nThere are many variations of passages of Lorem Ipsum available, but the majority have suffered alteration in some form, by injected humour, or randomised words which don\'t look even slightly believable. If you are going to use a passage of Lorem Ipsum, you need to be sure there isn\'t anything embarrassing hidden in the middle of text. All the Lorem Ipsum generators on the Internet tend to repeat predefined chunks as necessary, making this the first true generator on the Internet. It uses a dictionary of over 200 Latin words, combined with a handful of model sentence structures, to generate Lorem Ipsum which looks reasonable. The generated Lorem Ipsum is therefore always free from repetition, injected humour, or non-characteristic words etc.'),
(491, 65, '2021-07-05 03:38:04', 'Reviewer of mass reviewing', 7, 'This is a really long review.\r\n\r\nWhat is Lorem Ipsum?\r\nLorem Ipsum is simply dummy text of the printing and typesetting industry. Lorem Ipsum has been the industry\'s standard dummy text ever since the 1500s, when an unknown printer took a galley of type and scrambled it to make a type specimen book. It has survived not only five centuries, but also the leap into electronic typesetting, remaining essentially unchanged. It was popularised in the 1960s with the release of Letraset sheets containing Lorem Ipsum passages, and more recently with desktop publishing software like Aldus PageMaker including versions of Lorem Ipsum.\r\n                                                                                         \r\nWhy do we use it?\r\nIt is a long established fact that a reader will be distracted by the readable content of a page when looking at its layout. The point of using Lorem Ipsum is that it has a more-or-less normal distribution of letters, as opposed to using \'Content here, content here\', making it look like readable English. Many desktop publishing packages and web page editors now use Lorem Ipsum as their default model text, and a search for \'lorem ipsum\' will uncover many web sites still in their infancy. Various versions have evolved over the years, sometimes by accident, sometimes on purpose (injected humour and the like).\r\n\r\n\r\nWhere does it come from?\r\nContrary to popular belief, Lorem Ipsum is not simply random text. It has roots in a piece of classical Latin literature from 45 BC, making it over 2000 years old. Richard McClintock, a Latin professor at Hampden-Sydney College in Virginia, looked up one of the more obscure Latin words, consectetur, from a Lorem Ipsum passage, and going through the cites of the word in classical literature, discovered the undoubtable source. Lorem Ipsum comes from sections 1.10.32 and 1.10.33 of \"de Finibus Bonorum et Malorum\" (The Extremes of Good and Evil) by Cicero, written in 45 BC. This book is a treatise on the theory of ethics, very popular during the Renaissance. The first line of Lorem Ipsum, \"Lorem ipsum dolor sit amet..\", comes from a line in section 1.10.32.\r\n\r\nThe standard chunk of Lorem Ipsum used since the 1500s is reproduced below for those interested. Sections 1.10.32 and 1.10.33 from \"de Finibus Bonorum et Malorum\" by Cicero are also reproduced in their exact original form, accompanied by English versions from the 1914 translation by H. Rackham.\r\n\r\nWhere can I get some?\r\nThere are many variations of passages of Lorem Ipsum available, but the majority have suffered alteration in some form, by injected humour, or randomised words which don\'t look even slightly believable. If you are going to use a passage of Lorem Ipsum, you need to be sure there isn\'t anything embarrassing hidden in the middle of text. All the Lorem Ipsum generators on the Internet tend to repeat predefined chunks as necessary, making this the first true generator on the Internet. It uses a dictionary of over 200 Latin words, combined with a handful of model sentence structures, to generate Lorem Ipsum which looks reasonable. The generated Lorem Ipsum is therefore always free from repetition, injected humour, or non-characteristic words etc.'),
(492, 65, '2021-07-05 03:38:04', 'Reviewer of mass reviewing', 7, 'This is a really long review.\r\n\r\nWhat is Lorem Ipsum?\r\nLorem Ipsum is simply dummy text of the printing and typesetting industry. Lorem Ipsum has been the industry\'s standard dummy text ever since the 1500s, when an unknown printer took a galley of type and scrambled it to make a type specimen book. It has survived not only five centuries, but also the leap into electronic typesetting, remaining essentially unchanged. It was popularised in the 1960s with the release of Letraset sheets containing Lorem Ipsum passages, and more recently with desktop publishing software like Aldus PageMaker including versions of Lorem Ipsum.\r\n                                                                                         \r\nWhy do we use it?\r\nIt is a long established fact that a reader will be distracted by the readable content of a page when looking at its layout. The point of using Lorem Ipsum is that it has a more-or-less normal distribution of letters, as opposed to using \'Content here, content here\', making it look like readable English. Many desktop publishing packages and web page editors now use Lorem Ipsum as their default model text, and a search for \'lorem ipsum\' will uncover many web sites still in their infancy. Various versions have evolved over the years, sometimes by accident, sometimes on purpose (injected humour and the like).\r\n\r\n\r\nWhere does it come from?\r\nContrary to popular belief, Lorem Ipsum is not simply random text. It has roots in a piece of classical Latin literature from 45 BC, making it over 2000 years old. Richard McClintock, a Latin professor at Hampden-Sydney College in Virginia, looked up one of the more obscure Latin words, consectetur, from a Lorem Ipsum passage, and going through the cites of the word in classical literature, discovered the undoubtable source. Lorem Ipsum comes from sections 1.10.32 and 1.10.33 of \"de Finibus Bonorum et Malorum\" (The Extremes of Good and Evil) by Cicero, written in 45 BC. This book is a treatise on the theory of ethics, very popular during the Renaissance. The first line of Lorem Ipsum, \"Lorem ipsum dolor sit amet..\", comes from a line in section 1.10.32.\r\n\r\nThe standard chunk of Lorem Ipsum used since the 1500s is reproduced below for those interested. Sections 1.10.32 and 1.10.33 from \"de Finibus Bonorum et Malorum\" by Cicero are also reproduced in their exact original form, accompanied by English versions from the 1914 translation by H. Rackham.\r\n\r\nWhere can I get some?\r\nThere are many variations of passages of Lorem Ipsum available, but the majority have suffered alteration in some form, by injected humour, or randomised words which don\'t look even slightly believable. If you are going to use a passage of Lorem Ipsum, you need to be sure there isn\'t anything embarrassing hidden in the middle of text. All the Lorem Ipsum generators on the Internet tend to repeat predefined chunks as necessary, making this the first true generator on the Internet. It uses a dictionary of over 200 Latin words, combined with a handful of model sentence structures, to generate Lorem Ipsum which looks reasonable. The generated Lorem Ipsum is therefore always free from repetition, injected humour, or non-characteristic words etc.'),
(493, 65, '2021-07-05 03:38:04', 'Reviewer of mass reviewing', 7, 'This is a really long review.\r\n\r\nWhat is Lorem Ipsum?\r\nLorem Ipsum is simply dummy text of the printing and typesetting industry. Lorem Ipsum has been the industry\'s standard dummy text ever since the 1500s, when an unknown printer took a galley of type and scrambled it to make a type specimen book. It has survived not only five centuries, but also the leap into electronic typesetting, remaining essentially unchanged. It was popularised in the 1960s with the release of Letraset sheets containing Lorem Ipsum passages, and more recently with desktop publishing software like Aldus PageMaker including versions of Lorem Ipsum.\r\n                                                                                         \r\nWhy do we use it?\r\nIt is a long established fact that a reader will be distracted by the readable content of a page when looking at its layout. The point of using Lorem Ipsum is that it has a more-or-less normal distribution of letters, as opposed to using \'Content here, content here\', making it look like readable English. Many desktop publishing packages and web page editors now use Lorem Ipsum as their default model text, and a search for \'lorem ipsum\' will uncover many web sites still in their infancy. Various versions have evolved over the years, sometimes by accident, sometimes on purpose (injected humour and the like).\r\n\r\n\r\nWhere does it come from?\r\nContrary to popular belief, Lorem Ipsum is not simply random text. It has roots in a piece of classical Latin literature from 45 BC, making it over 2000 years old. Richard McClintock, a Latin professor at Hampden-Sydney College in Virginia, looked up one of the more obscure Latin words, consectetur, from a Lorem Ipsum passage, and going through the cites of the word in classical literature, discovered the undoubtable source. Lorem Ipsum comes from sections 1.10.32 and 1.10.33 of \"de Finibus Bonorum et Malorum\" (The Extremes of Good and Evil) by Cicero, written in 45 BC. This book is a treatise on the theory of ethics, very popular during the Renaissance. The first line of Lorem Ipsum, \"Lorem ipsum dolor sit amet..\", comes from a line in section 1.10.32.\r\n\r\nThe standard chunk of Lorem Ipsum used since the 1500s is reproduced below for those interested. Sections 1.10.32 and 1.10.33 from \"de Finibus Bonorum et Malorum\" by Cicero are also reproduced in their exact original form, accompanied by English versions from the 1914 translation by H. Rackham.\r\n\r\nWhere can I get some?\r\nThere are many variations of passages of Lorem Ipsum available, but the majority have suffered alteration in some form, by injected humour, or randomised words which don\'t look even slightly believable. If you are going to use a passage of Lorem Ipsum, you need to be sure there isn\'t anything embarrassing hidden in the middle of text. All the Lorem Ipsum generators on the Internet tend to repeat predefined chunks as necessary, making this the first true generator on the Internet. It uses a dictionary of over 200 Latin words, combined with a handful of model sentence structures, to generate Lorem Ipsum which looks reasonable. The generated Lorem Ipsum is therefore always free from repetition, injected humour, or non-characteristic words etc.'),
(494, 65, '2021-07-05 03:38:04', 'Reviewer of mass reviewing', 7, 'This is a really long review.\r\n\r\nWhat is Lorem Ipsum?\r\nLorem Ipsum is simply dummy text of the printing and typesetting industry. Lorem Ipsum has been the industry\'s standard dummy text ever since the 1500s, when an unknown printer took a galley of type and scrambled it to make a type specimen book. It has survived not only five centuries, but also the leap into electronic typesetting, remaining essentially unchanged. It was popularised in the 1960s with the release of Letraset sheets containing Lorem Ipsum passages, and more recently with desktop publishing software like Aldus PageMaker including versions of Lorem Ipsum.\r\n                                                                                         \r\nWhy do we use it?\r\nIt is a long established fact that a reader will be distracted by the readable content of a page when looking at its layout. The point of using Lorem Ipsum is that it has a more-or-less normal distribution of letters, as opposed to using \'Content here, content here\', making it look like readable English. Many desktop publishing packages and web page editors now use Lorem Ipsum as their default model text, and a search for \'lorem ipsum\' will uncover many web sites still in their infancy. Various versions have evolved over the years, sometimes by accident, sometimes on purpose (injected humour and the like).\r\n\r\n\r\nWhere does it come from?\r\nContrary to popular belief, Lorem Ipsum is not simply random text. It has roots in a piece of classical Latin literature from 45 BC, making it over 2000 years old. Richard McClintock, a Latin professor at Hampden-Sydney College in Virginia, looked up one of the more obscure Latin words, consectetur, from a Lorem Ipsum passage, and going through the cites of the word in classical literature, discovered the undoubtable source. Lorem Ipsum comes from sections 1.10.32 and 1.10.33 of \"de Finibus Bonorum et Malorum\" (The Extremes of Good and Evil) by Cicero, written in 45 BC. This book is a treatise on the theory of ethics, very popular during the Renaissance. The first line of Lorem Ipsum, \"Lorem ipsum dolor sit amet..\", comes from a line in section 1.10.32.\r\n\r\nThe standard chunk of Lorem Ipsum used since the 1500s is reproduced below for those interested. Sections 1.10.32 and 1.10.33 from \"de Finibus Bonorum et Malorum\" by Cicero are also reproduced in their exact original form, accompanied by English versions from the 1914 translation by H. Rackham.\r\n\r\nWhere can I get some?\r\nThere are many variations of passages of Lorem Ipsum available, but the majority have suffered alteration in some form, by injected humour, or randomised words which don\'t look even slightly believable. If you are going to use a passage of Lorem Ipsum, you need to be sure there isn\'t anything embarrassing hidden in the middle of text. All the Lorem Ipsum generators on the Internet tend to repeat predefined chunks as necessary, making this the first true generator on the Internet. It uses a dictionary of over 200 Latin words, combined with a handful of model sentence structures, to generate Lorem Ipsum which looks reasonable. The generated Lorem Ipsum is therefore always free from repetition, injected humour, or non-characteristic words etc.'),
(495, 65, '2021-07-05 03:38:04', 'Reviewer of mass reviewing', 7, 'This is a really long review.\r\n\r\nWhat is Lorem Ipsum?\r\nLorem Ipsum is simply dummy text of the printing and typesetting industry. Lorem Ipsum has been the industry\'s standard dummy text ever since the 1500s, when an unknown printer took a galley of type and scrambled it to make a type specimen book. It has survived not only five centuries, but also the leap into electronic typesetting, remaining essentially unchanged. It was popularised in the 1960s with the release of Letraset sheets containing Lorem Ipsum passages, and more recently with desktop publishing software like Aldus PageMaker including versions of Lorem Ipsum.\r\n                                                                                         \r\nWhy do we use it?\r\nIt is a long established fact that a reader will be distracted by the readable content of a page when looking at its layout. The point of using Lorem Ipsum is that it has a more-or-less normal distribution of letters, as opposed to using \'Content here, content here\', making it look like readable English. Many desktop publishing packages and web page editors now use Lorem Ipsum as their default model text, and a search for \'lorem ipsum\' will uncover many web sites still in their infancy. Various versions have evolved over the years, sometimes by accident, sometimes on purpose (injected humour and the like).\r\n\r\n\r\nWhere does it come from?\r\nContrary to popular belief, Lorem Ipsum is not simply random text. It has roots in a piece of classical Latin literature from 45 BC, making it over 2000 years old. Richard McClintock, a Latin professor at Hampden-Sydney College in Virginia, looked up one of the more obscure Latin words, consectetur, from a Lorem Ipsum passage, and going through the cites of the word in classical literature, discovered the undoubtable source. Lorem Ipsum comes from sections 1.10.32 and 1.10.33 of \"de Finibus Bonorum et Malorum\" (The Extremes of Good and Evil) by Cicero, written in 45 BC. This book is a treatise on the theory of ethics, very popular during the Renaissance. The first line of Lorem Ipsum, \"Lorem ipsum dolor sit amet..\", comes from a line in section 1.10.32.\r\n\r\nThe standard chunk of Lorem Ipsum used since the 1500s is reproduced below for those interested. Sections 1.10.32 and 1.10.33 from \"de Finibus Bonorum et Malorum\" by Cicero are also reproduced in their exact original form, accompanied by English versions from the 1914 translation by H. Rackham.\r\n\r\nWhere can I get some?\r\nThere are many variations of passages of Lorem Ipsum available, but the majority have suffered alteration in some form, by injected humour, or randomised words which don\'t look even slightly believable. If you are going to use a passage of Lorem Ipsum, you need to be sure there isn\'t anything embarrassing hidden in the middle of text. All the Lorem Ipsum generators on the Internet tend to repeat predefined chunks as necessary, making this the first true generator on the Internet. It uses a dictionary of over 200 Latin words, combined with a handful of model sentence structures, to generate Lorem Ipsum which looks reasonable. The generated Lorem Ipsum is therefore always free from repetition, injected humour, or non-characteristic words etc.'),
(496, 65, '2021-07-05 03:38:04', 'Reviewer of mass reviewing', 7, 'This is a really long review.\r\n\r\nWhat is Lorem Ipsum?\r\nLorem Ipsum is simply dummy text of the printing and typesetting industry. Lorem Ipsum has been the industry\'s standard dummy text ever since the 1500s, when an unknown printer took a galley of type and scrambled it to make a type specimen book. It has survived not only five centuries, but also the leap into electronic typesetting, remaining essentially unchanged. It was popularised in the 1960s with the release of Letraset sheets containing Lorem Ipsum passages, and more recently with desktop publishing software like Aldus PageMaker including versions of Lorem Ipsum.\r\n                                                                                         \r\nWhy do we use it?\r\nIt is a long established fact that a reader will be distracted by the readable content of a page when looking at its layout. The point of using Lorem Ipsum is that it has a more-or-less normal distribution of letters, as opposed to using \'Content here, content here\', making it look like readable English. Many desktop publishing packages and web page editors now use Lorem Ipsum as their default model text, and a search for \'lorem ipsum\' will uncover many web sites still in their infancy. Various versions have evolved over the years, sometimes by accident, sometimes on purpose (injected humour and the like).\r\n\r\n\r\nWhere does it come from?\r\nContrary to popular belief, Lorem Ipsum is not simply random text. It has roots in a piece of classical Latin literature from 45 BC, making it over 2000 years old. Richard McClintock, a Latin professor at Hampden-Sydney College in Virginia, looked up one of the more obscure Latin words, consectetur, from a Lorem Ipsum passage, and going through the cites of the word in classical literature, discovered the undoubtable source. Lorem Ipsum comes from sections 1.10.32 and 1.10.33 of \"de Finibus Bonorum et Malorum\" (The Extremes of Good and Evil) by Cicero, written in 45 BC. This book is a treatise on the theory of ethics, very popular during the Renaissance. The first line of Lorem Ipsum, \"Lorem ipsum dolor sit amet..\", comes from a line in section 1.10.32.\r\n\r\nThe standard chunk of Lorem Ipsum used since the 1500s is reproduced below for those interested. Sections 1.10.32 and 1.10.33 from \"de Finibus Bonorum et Malorum\" by Cicero are also reproduced in their exact original form, accompanied by English versions from the 1914 translation by H. Rackham.\r\n\r\nWhere can I get some?\r\nThere are many variations of passages of Lorem Ipsum available, but the majority have suffered alteration in some form, by injected humour, or randomised words which don\'t look even slightly believable. If you are going to use a passage of Lorem Ipsum, you need to be sure there isn\'t anything embarrassing hidden in the middle of text. All the Lorem Ipsum generators on the Internet tend to repeat predefined chunks as necessary, making this the first true generator on the Internet. It uses a dictionary of over 200 Latin words, combined with a handful of model sentence structures, to generate Lorem Ipsum which looks reasonable. The generated Lorem Ipsum is therefore always free from repetition, injected humour, or non-characteristic words etc.');
INSERT INTO `review` (`id`, `restaurant`, `timestamp`, `reviewer`, `rating`, `content`) VALUES
(497, 65, '2021-07-05 03:38:04', 'Reviewer of mass reviewing', 7, 'This is a really long review.\r\n\r\nWhat is Lorem Ipsum?\r\nLorem Ipsum is simply dummy text of the printing and typesetting industry. Lorem Ipsum has been the industry\'s standard dummy text ever since the 1500s, when an unknown printer took a galley of type and scrambled it to make a type specimen book. It has survived not only five centuries, but also the leap into electronic typesetting, remaining essentially unchanged. It was popularised in the 1960s with the release of Letraset sheets containing Lorem Ipsum passages, and more recently with desktop publishing software like Aldus PageMaker including versions of Lorem Ipsum.\r\n                                                                                         \r\nWhy do we use it?\r\nIt is a long established fact that a reader will be distracted by the readable content of a page when looking at its layout. The point of using Lorem Ipsum is that it has a more-or-less normal distribution of letters, as opposed to using \'Content here, content here\', making it look like readable English. Many desktop publishing packages and web page editors now use Lorem Ipsum as their default model text, and a search for \'lorem ipsum\' will uncover many web sites still in their infancy. Various versions have evolved over the years, sometimes by accident, sometimes on purpose (injected humour and the like).\r\n\r\n\r\nWhere does it come from?\r\nContrary to popular belief, Lorem Ipsum is not simply random text. It has roots in a piece of classical Latin literature from 45 BC, making it over 2000 years old. Richard McClintock, a Latin professor at Hampden-Sydney College in Virginia, looked up one of the more obscure Latin words, consectetur, from a Lorem Ipsum passage, and going through the cites of the word in classical literature, discovered the undoubtable source. Lorem Ipsum comes from sections 1.10.32 and 1.10.33 of \"de Finibus Bonorum et Malorum\" (The Extremes of Good and Evil) by Cicero, written in 45 BC. This book is a treatise on the theory of ethics, very popular during the Renaissance. The first line of Lorem Ipsum, \"Lorem ipsum dolor sit amet..\", comes from a line in section 1.10.32.\r\n\r\nThe standard chunk of Lorem Ipsum used since the 1500s is reproduced below for those interested. Sections 1.10.32 and 1.10.33 from \"de Finibus Bonorum et Malorum\" by Cicero are also reproduced in their exact original form, accompanied by English versions from the 1914 translation by H. Rackham.\r\n\r\nWhere can I get some?\r\nThere are many variations of passages of Lorem Ipsum available, but the majority have suffered alteration in some form, by injected humour, or randomised words which don\'t look even slightly believable. If you are going to use a passage of Lorem Ipsum, you need to be sure there isn\'t anything embarrassing hidden in the middle of text. All the Lorem Ipsum generators on the Internet tend to repeat predefined chunks as necessary, making this the first true generator on the Internet. It uses a dictionary of over 200 Latin words, combined with a handful of model sentence structures, to generate Lorem Ipsum which looks reasonable. The generated Lorem Ipsum is therefore always free from repetition, injected humour, or non-characteristic words etc.'),
(498, 65, '2021-07-05 03:38:04', 'Reviewer of mass reviewing', 7, 'This is a really long review.\r\n\r\nWhat is Lorem Ipsum?\r\nLorem Ipsum is simply dummy text of the printing and typesetting industry. Lorem Ipsum has been the industry\'s standard dummy text ever since the 1500s, when an unknown printer took a galley of type and scrambled it to make a type specimen book. It has survived not only five centuries, but also the leap into electronic typesetting, remaining essentially unchanged. It was popularised in the 1960s with the release of Letraset sheets containing Lorem Ipsum passages, and more recently with desktop publishing software like Aldus PageMaker including versions of Lorem Ipsum.\r\n                                                                                         \r\nWhy do we use it?\r\nIt is a long established fact that a reader will be distracted by the readable content of a page when looking at its layout. The point of using Lorem Ipsum is that it has a more-or-less normal distribution of letters, as opposed to using \'Content here, content here\', making it look like readable English. Many desktop publishing packages and web page editors now use Lorem Ipsum as their default model text, and a search for \'lorem ipsum\' will uncover many web sites still in their infancy. Various versions have evolved over the years, sometimes by accident, sometimes on purpose (injected humour and the like).\r\n\r\n\r\nWhere does it come from?\r\nContrary to popular belief, Lorem Ipsum is not simply random text. It has roots in a piece of classical Latin literature from 45 BC, making it over 2000 years old. Richard McClintock, a Latin professor at Hampden-Sydney College in Virginia, looked up one of the more obscure Latin words, consectetur, from a Lorem Ipsum passage, and going through the cites of the word in classical literature, discovered the undoubtable source. Lorem Ipsum comes from sections 1.10.32 and 1.10.33 of \"de Finibus Bonorum et Malorum\" (The Extremes of Good and Evil) by Cicero, written in 45 BC. This book is a treatise on the theory of ethics, very popular during the Renaissance. The first line of Lorem Ipsum, \"Lorem ipsum dolor sit amet..\", comes from a line in section 1.10.32.\r\n\r\nThe standard chunk of Lorem Ipsum used since the 1500s is reproduced below for those interested. Sections 1.10.32 and 1.10.33 from \"de Finibus Bonorum et Malorum\" by Cicero are also reproduced in their exact original form, accompanied by English versions from the 1914 translation by H. Rackham.\r\n\r\nWhere can I get some?\r\nThere are many variations of passages of Lorem Ipsum available, but the majority have suffered alteration in some form, by injected humour, or randomised words which don\'t look even slightly believable. If you are going to use a passage of Lorem Ipsum, you need to be sure there isn\'t anything embarrassing hidden in the middle of text. All the Lorem Ipsum generators on the Internet tend to repeat predefined chunks as necessary, making this the first true generator on the Internet. It uses a dictionary of over 200 Latin words, combined with a handful of model sentence structures, to generate Lorem Ipsum which looks reasonable. The generated Lorem Ipsum is therefore always free from repetition, injected humour, or non-characteristic words etc.'),
(499, 65, '2021-07-05 03:38:04', 'Reviewer of mass reviewing', 7, 'This is a really long review.\r\n\r\nWhat is Lorem Ipsum?\r\nLorem Ipsum is simply dummy text of the printing and typesetting industry. Lorem Ipsum has been the industry\'s standard dummy text ever since the 1500s, when an unknown printer took a galley of type and scrambled it to make a type specimen book. It has survived not only five centuries, but also the leap into electronic typesetting, remaining essentially unchanged. It was popularised in the 1960s with the release of Letraset sheets containing Lorem Ipsum passages, and more recently with desktop publishing software like Aldus PageMaker including versions of Lorem Ipsum.\r\n                                                                                         \r\nWhy do we use it?\r\nIt is a long established fact that a reader will be distracted by the readable content of a page when looking at its layout. The point of using Lorem Ipsum is that it has a more-or-less normal distribution of letters, as opposed to using \'Content here, content here\', making it look like readable English. Many desktop publishing packages and web page editors now use Lorem Ipsum as their default model text, and a search for \'lorem ipsum\' will uncover many web sites still in their infancy. Various versions have evolved over the years, sometimes by accident, sometimes on purpose (injected humour and the like).\r\n\r\n\r\nWhere does it come from?\r\nContrary to popular belief, Lorem Ipsum is not simply random text. It has roots in a piece of classical Latin literature from 45 BC, making it over 2000 years old. Richard McClintock, a Latin professor at Hampden-Sydney College in Virginia, looked up one of the more obscure Latin words, consectetur, from a Lorem Ipsum passage, and going through the cites of the word in classical literature, discovered the undoubtable source. Lorem Ipsum comes from sections 1.10.32 and 1.10.33 of \"de Finibus Bonorum et Malorum\" (The Extremes of Good and Evil) by Cicero, written in 45 BC. This book is a treatise on the theory of ethics, very popular during the Renaissance. The first line of Lorem Ipsum, \"Lorem ipsum dolor sit amet..\", comes from a line in section 1.10.32.\r\n\r\nThe standard chunk of Lorem Ipsum used since the 1500s is reproduced below for those interested. Sections 1.10.32 and 1.10.33 from \"de Finibus Bonorum et Malorum\" by Cicero are also reproduced in their exact original form, accompanied by English versions from the 1914 translation by H. Rackham.\r\n\r\nWhere can I get some?\r\nThere are many variations of passages of Lorem Ipsum available, but the majority have suffered alteration in some form, by injected humour, or randomised words which don\'t look even slightly believable. If you are going to use a passage of Lorem Ipsum, you need to be sure there isn\'t anything embarrassing hidden in the middle of text. All the Lorem Ipsum generators on the Internet tend to repeat predefined chunks as necessary, making this the first true generator on the Internet. It uses a dictionary of over 200 Latin words, combined with a handful of model sentence structures, to generate Lorem Ipsum which looks reasonable. The generated Lorem Ipsum is therefore always free from repetition, injected humour, or non-characteristic words etc.'),
(500, 65, '2021-07-05 03:38:04', 'Reviewer of mass reviewing', 7, 'This is a really long review.\r\n\r\nWhat is Lorem Ipsum?\r\nLorem Ipsum is simply dummy text of the printing and typesetting industry. Lorem Ipsum has been the industry\'s standard dummy text ever since the 1500s, when an unknown printer took a galley of type and scrambled it to make a type specimen book. It has survived not only five centuries, but also the leap into electronic typesetting, remaining essentially unchanged. It was popularised in the 1960s with the release of Letraset sheets containing Lorem Ipsum passages, and more recently with desktop publishing software like Aldus PageMaker including versions of Lorem Ipsum.\r\n                                                                                         \r\nWhy do we use it?\r\nIt is a long established fact that a reader will be distracted by the readable content of a page when looking at its layout. The point of using Lorem Ipsum is that it has a more-or-less normal distribution of letters, as opposed to using \'Content here, content here\', making it look like readable English. Many desktop publishing packages and web page editors now use Lorem Ipsum as their default model text, and a search for \'lorem ipsum\' will uncover many web sites still in their infancy. Various versions have evolved over the years, sometimes by accident, sometimes on purpose (injected humour and the like).\r\n\r\n\r\nWhere does it come from?\r\nContrary to popular belief, Lorem Ipsum is not simply random text. It has roots in a piece of classical Latin literature from 45 BC, making it over 2000 years old. Richard McClintock, a Latin professor at Hampden-Sydney College in Virginia, looked up one of the more obscure Latin words, consectetur, from a Lorem Ipsum passage, and going through the cites of the word in classical literature, discovered the undoubtable source. Lorem Ipsum comes from sections 1.10.32 and 1.10.33 of \"de Finibus Bonorum et Malorum\" (The Extremes of Good and Evil) by Cicero, written in 45 BC. This book is a treatise on the theory of ethics, very popular during the Renaissance. The first line of Lorem Ipsum, \"Lorem ipsum dolor sit amet..\", comes from a line in section 1.10.32.\r\n\r\nThe standard chunk of Lorem Ipsum used since the 1500s is reproduced below for those interested. Sections 1.10.32 and 1.10.33 from \"de Finibus Bonorum et Malorum\" by Cicero are also reproduced in their exact original form, accompanied by English versions from the 1914 translation by H. Rackham.\r\n\r\nWhere can I get some?\r\nThere are many variations of passages of Lorem Ipsum available, but the majority have suffered alteration in some form, by injected humour, or randomised words which don\'t look even slightly believable. If you are going to use a passage of Lorem Ipsum, you need to be sure there isn\'t anything embarrassing hidden in the middle of text. All the Lorem Ipsum generators on the Internet tend to repeat predefined chunks as necessary, making this the first true generator on the Internet. It uses a dictionary of over 200 Latin words, combined with a handful of model sentence structures, to generate Lorem Ipsum which looks reasonable. The generated Lorem Ipsum is therefore always free from repetition, injected humour, or non-characteristic words etc.'),
(501, 65, '2021-07-05 03:38:04', 'Reviewer of mass reviewing', 7, 'This is a really long review.\r\n\r\nWhat is Lorem Ipsum?\r\nLorem Ipsum is simply dummy text of the printing and typesetting industry. Lorem Ipsum has been the industry\'s standard dummy text ever since the 1500s, when an unknown printer took a galley of type and scrambled it to make a type specimen book. It has survived not only five centuries, but also the leap into electronic typesetting, remaining essentially unchanged. It was popularised in the 1960s with the release of Letraset sheets containing Lorem Ipsum passages, and more recently with desktop publishing software like Aldus PageMaker including versions of Lorem Ipsum.\r\n                                                                                         \r\nWhy do we use it?\r\nIt is a long established fact that a reader will be distracted by the readable content of a page when looking at its layout. The point of using Lorem Ipsum is that it has a more-or-less normal distribution of letters, as opposed to using \'Content here, content here\', making it look like readable English. Many desktop publishing packages and web page editors now use Lorem Ipsum as their default model text, and a search for \'lorem ipsum\' will uncover many web sites still in their infancy. Various versions have evolved over the years, sometimes by accident, sometimes on purpose (injected humour and the like).\r\n\r\n\r\nWhere does it come from?\r\nContrary to popular belief, Lorem Ipsum is not simply random text. It has roots in a piece of classical Latin literature from 45 BC, making it over 2000 years old. Richard McClintock, a Latin professor at Hampden-Sydney College in Virginia, looked up one of the more obscure Latin words, consectetur, from a Lorem Ipsum passage, and going through the cites of the word in classical literature, discovered the undoubtable source. Lorem Ipsum comes from sections 1.10.32 and 1.10.33 of \"de Finibus Bonorum et Malorum\" (The Extremes of Good and Evil) by Cicero, written in 45 BC. This book is a treatise on the theory of ethics, very popular during the Renaissance. The first line of Lorem Ipsum, \"Lorem ipsum dolor sit amet..\", comes from a line in section 1.10.32.\r\n\r\nThe standard chunk of Lorem Ipsum used since the 1500s is reproduced below for those interested. Sections 1.10.32 and 1.10.33 from \"de Finibus Bonorum et Malorum\" by Cicero are also reproduced in their exact original form, accompanied by English versions from the 1914 translation by H. Rackham.\r\n\r\nWhere can I get some?\r\nThere are many variations of passages of Lorem Ipsum available, but the majority have suffered alteration in some form, by injected humour, or randomised words which don\'t look even slightly believable. If you are going to use a passage of Lorem Ipsum, you need to be sure there isn\'t anything embarrassing hidden in the middle of text. All the Lorem Ipsum generators on the Internet tend to repeat predefined chunks as necessary, making this the first true generator on the Internet. It uses a dictionary of over 200 Latin words, combined with a handful of model sentence structures, to generate Lorem Ipsum which looks reasonable. The generated Lorem Ipsum is therefore always free from repetition, injected humour, or non-characteristic words etc.'),
(502, 65, '2021-07-05 03:38:05', 'Reviewer of mass reviewing', 7, 'This is a really long review.\r\n\r\nWhat is Lorem Ipsum?\r\nLorem Ipsum is simply dummy text of the printing and typesetting industry. Lorem Ipsum has been the industry\'s standard dummy text ever since the 1500s, when an unknown printer took a galley of type and scrambled it to make a type specimen book. It has survived not only five centuries, but also the leap into electronic typesetting, remaining essentially unchanged. It was popularised in the 1960s with the release of Letraset sheets containing Lorem Ipsum passages, and more recently with desktop publishing software like Aldus PageMaker including versions of Lorem Ipsum.\r\n                                                                                         \r\nWhy do we use it?\r\nIt is a long established fact that a reader will be distracted by the readable content of a page when looking at its layout. The point of using Lorem Ipsum is that it has a more-or-less normal distribution of letters, as opposed to using \'Content here, content here\', making it look like readable English. Many desktop publishing packages and web page editors now use Lorem Ipsum as their default model text, and a search for \'lorem ipsum\' will uncover many web sites still in their infancy. Various versions have evolved over the years, sometimes by accident, sometimes on purpose (injected humour and the like).\r\n\r\n\r\nWhere does it come from?\r\nContrary to popular belief, Lorem Ipsum is not simply random text. It has roots in a piece of classical Latin literature from 45 BC, making it over 2000 years old. Richard McClintock, a Latin professor at Hampden-Sydney College in Virginia, looked up one of the more obscure Latin words, consectetur, from a Lorem Ipsum passage, and going through the cites of the word in classical literature, discovered the undoubtable source. Lorem Ipsum comes from sections 1.10.32 and 1.10.33 of \"de Finibus Bonorum et Malorum\" (The Extremes of Good and Evil) by Cicero, written in 45 BC. This book is a treatise on the theory of ethics, very popular during the Renaissance. The first line of Lorem Ipsum, \"Lorem ipsum dolor sit amet..\", comes from a line in section 1.10.32.\r\n\r\nThe standard chunk of Lorem Ipsum used since the 1500s is reproduced below for those interested. Sections 1.10.32 and 1.10.33 from \"de Finibus Bonorum et Malorum\" by Cicero are also reproduced in their exact original form, accompanied by English versions from the 1914 translation by H. Rackham.\r\n\r\nWhere can I get some?\r\nThere are many variations of passages of Lorem Ipsum available, but the majority have suffered alteration in some form, by injected humour, or randomised words which don\'t look even slightly believable. If you are going to use a passage of Lorem Ipsum, you need to be sure there isn\'t anything embarrassing hidden in the middle of text. All the Lorem Ipsum generators on the Internet tend to repeat predefined chunks as necessary, making this the first true generator on the Internet. It uses a dictionary of over 200 Latin words, combined with a handful of model sentence structures, to generate Lorem Ipsum which looks reasonable. The generated Lorem Ipsum is therefore always free from repetition, injected humour, or non-characteristic words etc.'),
(503, 65, '2021-07-05 03:38:05', 'Reviewer of mass reviewing', 7, 'This is a really long review.\r\n\r\nWhat is Lorem Ipsum?\r\nLorem Ipsum is simply dummy text of the printing and typesetting industry. Lorem Ipsum has been the industry\'s standard dummy text ever since the 1500s, when an unknown printer took a galley of type and scrambled it to make a type specimen book. It has survived not only five centuries, but also the leap into electronic typesetting, remaining essentially unchanged. It was popularised in the 1960s with the release of Letraset sheets containing Lorem Ipsum passages, and more recently with desktop publishing software like Aldus PageMaker including versions of Lorem Ipsum.\r\n                                                                                         \r\nWhy do we use it?\r\nIt is a long established fact that a reader will be distracted by the readable content of a page when looking at its layout. The point of using Lorem Ipsum is that it has a more-or-less normal distribution of letters, as opposed to using \'Content here, content here\', making it look like readable English. Many desktop publishing packages and web page editors now use Lorem Ipsum as their default model text, and a search for \'lorem ipsum\' will uncover many web sites still in their infancy. Various versions have evolved over the years, sometimes by accident, sometimes on purpose (injected humour and the like).\r\n\r\n\r\nWhere does it come from?\r\nContrary to popular belief, Lorem Ipsum is not simply random text. It has roots in a piece of classical Latin literature from 45 BC, making it over 2000 years old. Richard McClintock, a Latin professor at Hampden-Sydney College in Virginia, looked up one of the more obscure Latin words, consectetur, from a Lorem Ipsum passage, and going through the cites of the word in classical literature, discovered the undoubtable source. Lorem Ipsum comes from sections 1.10.32 and 1.10.33 of \"de Finibus Bonorum et Malorum\" (The Extremes of Good and Evil) by Cicero, written in 45 BC. This book is a treatise on the theory of ethics, very popular during the Renaissance. The first line of Lorem Ipsum, \"Lorem ipsum dolor sit amet..\", comes from a line in section 1.10.32.\r\n\r\nThe standard chunk of Lorem Ipsum used since the 1500s is reproduced below for those interested. Sections 1.10.32 and 1.10.33 from \"de Finibus Bonorum et Malorum\" by Cicero are also reproduced in their exact original form, accompanied by English versions from the 1914 translation by H. Rackham.\r\n\r\nWhere can I get some?\r\nThere are many variations of passages of Lorem Ipsum available, but the majority have suffered alteration in some form, by injected humour, or randomised words which don\'t look even slightly believable. If you are going to use a passage of Lorem Ipsum, you need to be sure there isn\'t anything embarrassing hidden in the middle of text. All the Lorem Ipsum generators on the Internet tend to repeat predefined chunks as necessary, making this the first true generator on the Internet. It uses a dictionary of over 200 Latin words, combined with a handful of model sentence structures, to generate Lorem Ipsum which looks reasonable. The generated Lorem Ipsum is therefore always free from repetition, injected humour, or non-characteristic words etc.'),
(504, 65, '2021-07-05 03:38:05', 'Reviewer of mass reviewing', 7, 'This is a really long review.\r\n\r\nWhat is Lorem Ipsum?\r\nLorem Ipsum is simply dummy text of the printing and typesetting industry. Lorem Ipsum has been the industry\'s standard dummy text ever since the 1500s, when an unknown printer took a galley of type and scrambled it to make a type specimen book. It has survived not only five centuries, but also the leap into electronic typesetting, remaining essentially unchanged. It was popularised in the 1960s with the release of Letraset sheets containing Lorem Ipsum passages, and more recently with desktop publishing software like Aldus PageMaker including versions of Lorem Ipsum.\r\n                                                                                         \r\nWhy do we use it?\r\nIt is a long established fact that a reader will be distracted by the readable content of a page when looking at its layout. The point of using Lorem Ipsum is that it has a more-or-less normal distribution of letters, as opposed to using \'Content here, content here\', making it look like readable English. Many desktop publishing packages and web page editors now use Lorem Ipsum as their default model text, and a search for \'lorem ipsum\' will uncover many web sites still in their infancy. Various versions have evolved over the years, sometimes by accident, sometimes on purpose (injected humour and the like).\r\n\r\n\r\nWhere does it come from?\r\nContrary to popular belief, Lorem Ipsum is not simply random text. It has roots in a piece of classical Latin literature from 45 BC, making it over 2000 years old. Richard McClintock, a Latin professor at Hampden-Sydney College in Virginia, looked up one of the more obscure Latin words, consectetur, from a Lorem Ipsum passage, and going through the cites of the word in classical literature, discovered the undoubtable source. Lorem Ipsum comes from sections 1.10.32 and 1.10.33 of \"de Finibus Bonorum et Malorum\" (The Extremes of Good and Evil) by Cicero, written in 45 BC. This book is a treatise on the theory of ethics, very popular during the Renaissance. The first line of Lorem Ipsum, \"Lorem ipsum dolor sit amet..\", comes from a line in section 1.10.32.\r\n\r\nThe standard chunk of Lorem Ipsum used since the 1500s is reproduced below for those interested. Sections 1.10.32 and 1.10.33 from \"de Finibus Bonorum et Malorum\" by Cicero are also reproduced in their exact original form, accompanied by English versions from the 1914 translation by H. Rackham.\r\n\r\nWhere can I get some?\r\nThere are many variations of passages of Lorem Ipsum available, but the majority have suffered alteration in some form, by injected humour, or randomised words which don\'t look even slightly believable. If you are going to use a passage of Lorem Ipsum, you need to be sure there isn\'t anything embarrassing hidden in the middle of text. All the Lorem Ipsum generators on the Internet tend to repeat predefined chunks as necessary, making this the first true generator on the Internet. It uses a dictionary of over 200 Latin words, combined with a handful of model sentence structures, to generate Lorem Ipsum which looks reasonable. The generated Lorem Ipsum is therefore always free from repetition, injected humour, or non-characteristic words etc.'),
(505, 65, '2021-07-05 03:38:05', 'Reviewer of mass reviewing', 7, 'This is a really long review.\r\n\r\nWhat is Lorem Ipsum?\r\nLorem Ipsum is simply dummy text of the printing and typesetting industry. Lorem Ipsum has been the industry\'s standard dummy text ever since the 1500s, when an unknown printer took a galley of type and scrambled it to make a type specimen book. It has survived not only five centuries, but also the leap into electronic typesetting, remaining essentially unchanged. It was popularised in the 1960s with the release of Letraset sheets containing Lorem Ipsum passages, and more recently with desktop publishing software like Aldus PageMaker including versions of Lorem Ipsum.\r\n                                                                                         \r\nWhy do we use it?\r\nIt is a long established fact that a reader will be distracted by the readable content of a page when looking at its layout. The point of using Lorem Ipsum is that it has a more-or-less normal distribution of letters, as opposed to using \'Content here, content here\', making it look like readable English. Many desktop publishing packages and web page editors now use Lorem Ipsum as their default model text, and a search for \'lorem ipsum\' will uncover many web sites still in their infancy. Various versions have evolved over the years, sometimes by accident, sometimes on purpose (injected humour and the like).\r\n\r\n\r\nWhere does it come from?\r\nContrary to popular belief, Lorem Ipsum is not simply random text. It has roots in a piece of classical Latin literature from 45 BC, making it over 2000 years old. Richard McClintock, a Latin professor at Hampden-Sydney College in Virginia, looked up one of the more obscure Latin words, consectetur, from a Lorem Ipsum passage, and going through the cites of the word in classical literature, discovered the undoubtable source. Lorem Ipsum comes from sections 1.10.32 and 1.10.33 of \"de Finibus Bonorum et Malorum\" (The Extremes of Good and Evil) by Cicero, written in 45 BC. This book is a treatise on the theory of ethics, very popular during the Renaissance. The first line of Lorem Ipsum, \"Lorem ipsum dolor sit amet..\", comes from a line in section 1.10.32.\r\n\r\nThe standard chunk of Lorem Ipsum used since the 1500s is reproduced below for those interested. Sections 1.10.32 and 1.10.33 from \"de Finibus Bonorum et Malorum\" by Cicero are also reproduced in their exact original form, accompanied by English versions from the 1914 translation by H. Rackham.\r\n\r\nWhere can I get some?\r\nThere are many variations of passages of Lorem Ipsum available, but the majority have suffered alteration in some form, by injected humour, or randomised words which don\'t look even slightly believable. If you are going to use a passage of Lorem Ipsum, you need to be sure there isn\'t anything embarrassing hidden in the middle of text. All the Lorem Ipsum generators on the Internet tend to repeat predefined chunks as necessary, making this the first true generator on the Internet. It uses a dictionary of over 200 Latin words, combined with a handful of model sentence structures, to generate Lorem Ipsum which looks reasonable. The generated Lorem Ipsum is therefore always free from repetition, injected humour, or non-characteristic words etc.'),
(506, 65, '2021-07-05 03:38:05', 'Reviewer of mass reviewing', 7, 'This is a really long review.\r\n\r\nWhat is Lorem Ipsum?\r\nLorem Ipsum is simply dummy text of the printing and typesetting industry. Lorem Ipsum has been the industry\'s standard dummy text ever since the 1500s, when an unknown printer took a galley of type and scrambled it to make a type specimen book. It has survived not only five centuries, but also the leap into electronic typesetting, remaining essentially unchanged. It was popularised in the 1960s with the release of Letraset sheets containing Lorem Ipsum passages, and more recently with desktop publishing software like Aldus PageMaker including versions of Lorem Ipsum.\r\n                                                                                         \r\nWhy do we use it?\r\nIt is a long established fact that a reader will be distracted by the readable content of a page when looking at its layout. The point of using Lorem Ipsum is that it has a more-or-less normal distribution of letters, as opposed to using \'Content here, content here\', making it look like readable English. Many desktop publishing packages and web page editors now use Lorem Ipsum as their default model text, and a search for \'lorem ipsum\' will uncover many web sites still in their infancy. Various versions have evolved over the years, sometimes by accident, sometimes on purpose (injected humour and the like).\r\n\r\n\r\nWhere does it come from?\r\nContrary to popular belief, Lorem Ipsum is not simply random text. It has roots in a piece of classical Latin literature from 45 BC, making it over 2000 years old. Richard McClintock, a Latin professor at Hampden-Sydney College in Virginia, looked up one of the more obscure Latin words, consectetur, from a Lorem Ipsum passage, and going through the cites of the word in classical literature, discovered the undoubtable source. Lorem Ipsum comes from sections 1.10.32 and 1.10.33 of \"de Finibus Bonorum et Malorum\" (The Extremes of Good and Evil) by Cicero, written in 45 BC. This book is a treatise on the theory of ethics, very popular during the Renaissance. The first line of Lorem Ipsum, \"Lorem ipsum dolor sit amet..\", comes from a line in section 1.10.32.\r\n\r\nThe standard chunk of Lorem Ipsum used since the 1500s is reproduced below for those interested. Sections 1.10.32 and 1.10.33 from \"de Finibus Bonorum et Malorum\" by Cicero are also reproduced in their exact original form, accompanied by English versions from the 1914 translation by H. Rackham.\r\n\r\nWhere can I get some?\r\nThere are many variations of passages of Lorem Ipsum available, but the majority have suffered alteration in some form, by injected humour, or randomised words which don\'t look even slightly believable. If you are going to use a passage of Lorem Ipsum, you need to be sure there isn\'t anything embarrassing hidden in the middle of text. All the Lorem Ipsum generators on the Internet tend to repeat predefined chunks as necessary, making this the first true generator on the Internet. It uses a dictionary of over 200 Latin words, combined with a handful of model sentence structures, to generate Lorem Ipsum which looks reasonable. The generated Lorem Ipsum is therefore always free from repetition, injected humour, or non-characteristic words etc.'),
(507, 65, '2021-07-05 03:38:05', 'Reviewer of mass reviewing', 7, 'This is a really long review.\r\n\r\nWhat is Lorem Ipsum?\r\nLorem Ipsum is simply dummy text of the printing and typesetting industry. Lorem Ipsum has been the industry\'s standard dummy text ever since the 1500s, when an unknown printer took a galley of type and scrambled it to make a type specimen book. It has survived not only five centuries, but also the leap into electronic typesetting, remaining essentially unchanged. It was popularised in the 1960s with the release of Letraset sheets containing Lorem Ipsum passages, and more recently with desktop publishing software like Aldus PageMaker including versions of Lorem Ipsum.\r\n                                                                                         \r\nWhy do we use it?\r\nIt is a long established fact that a reader will be distracted by the readable content of a page when looking at its layout. The point of using Lorem Ipsum is that it has a more-or-less normal distribution of letters, as opposed to using \'Content here, content here\', making it look like readable English. Many desktop publishing packages and web page editors now use Lorem Ipsum as their default model text, and a search for \'lorem ipsum\' will uncover many web sites still in their infancy. Various versions have evolved over the years, sometimes by accident, sometimes on purpose (injected humour and the like).\r\n\r\n\r\nWhere does it come from?\r\nContrary to popular belief, Lorem Ipsum is not simply random text. It has roots in a piece of classical Latin literature from 45 BC, making it over 2000 years old. Richard McClintock, a Latin professor at Hampden-Sydney College in Virginia, looked up one of the more obscure Latin words, consectetur, from a Lorem Ipsum passage, and going through the cites of the word in classical literature, discovered the undoubtable source. Lorem Ipsum comes from sections 1.10.32 and 1.10.33 of \"de Finibus Bonorum et Malorum\" (The Extremes of Good and Evil) by Cicero, written in 45 BC. This book is a treatise on the theory of ethics, very popular during the Renaissance. The first line of Lorem Ipsum, \"Lorem ipsum dolor sit amet..\", comes from a line in section 1.10.32.\r\n\r\nThe standard chunk of Lorem Ipsum used since the 1500s is reproduced below for those interested. Sections 1.10.32 and 1.10.33 from \"de Finibus Bonorum et Malorum\" by Cicero are also reproduced in their exact original form, accompanied by English versions from the 1914 translation by H. Rackham.\r\n\r\nWhere can I get some?\r\nThere are many variations of passages of Lorem Ipsum available, but the majority have suffered alteration in some form, by injected humour, or randomised words which don\'t look even slightly believable. If you are going to use a passage of Lorem Ipsum, you need to be sure there isn\'t anything embarrassing hidden in the middle of text. All the Lorem Ipsum generators on the Internet tend to repeat predefined chunks as necessary, making this the first true generator on the Internet. It uses a dictionary of over 200 Latin words, combined with a handful of model sentence structures, to generate Lorem Ipsum which looks reasonable. The generated Lorem Ipsum is therefore always free from repetition, injected humour, or non-characteristic words etc.');

-- --------------------------------------------------------

--
-- Table structure for table `user`
--

DROP TABLE IF EXISTS `user`;
CREATE TABLE IF NOT EXISTS `user` (
  `id` int(11) NOT NULL AUTO_INCREMENT,
  `email` varchar(320) NOT NULL,
  `encrypted_password` varchar(255) NOT NULL,
  `name` varchar(255) NOT NULL,
  PRIMARY KEY (`id`),
  UNIQUE KEY `email` (`email`) USING BTREE
) ENGINE=InnoDB AUTO_INCREMENT=34 DEFAULT CHARSET=utf8;

--
-- Dumping data for table `user`
--

INSERT INTO `user` (`id`, `email`, `encrypted_password`, `name`) VALUES
(1, 'test@test.test', '$2y$10$s6yXToWu8MarOmrn98v4uuJl10V9327PMQ5WAiu5JI7ooRKwM/uae', '(DNU)Initial Test'),
(2, 'test2@test.test', '$2y$10$tHlObF2rn9Uk56HYgavekutoMrhvQP6UKups9xl71WwD5nwOuMjRS', '(DNU)Test Two'),
(14, 'new@user.com', '$2y$10$ywnVY.MncK/wKRiPOXBaHeyuZ5sLarn2zc2UCS7suuDVNF/12R8o2', '(DNU)New user'),
(17, 'new2@user.com', '$2y$10$s99y04dgqFNL/OfL7QwajeNWZFvEcAi7urc9r4t/TfEZZUsdSAQaq', '(DNU)New user 2'),
(20, 'demo@memo.com', '$2y$10$TagQx6K27cXuFYHT.aiUpurrAheTGhu0e/NKsjrKo4YuLBP9Sjb1y', '(DNU)Demo'),
(21, 'alice@dinelinetest.com', '$2y$10$eSpBVHH9EnIrp6maVyzk/u.tRac5fizWzdnFdtMvIdI3z7YVrt9ca', 'Alice Apple'),
(27, 'bob@dinelinetest.com', '$2y$10$cG1UHPKVaDAEtEA0xZ8T2O72vLMes4Su9w.r2EPI0yQFDdpPgxlde', 'Bob'),
(30, 'barthomolew@yoo.hoo', '$2y$10$vLMJ52ci.k8Y4PrsVz6bDeoQf2Gy8vUzLfkCnQFCzKszuHpABR4VS', 'Bartholomew Banks'),
(31, 'guy@fieri.com', '$2y$10$YXZpO5YpL9pKrqK48VCDqeB3P6Jf9DCQTY9GLTV9PRY3sEZ01CgLi', 'Guy Fieri'),
(32, 'an@experiment.com', '$2y$10$N5klrqLKVZ4uNguRBGj0x.W7VkAxTEyCp8jAloA6xsDVE9SXjUTN2', 'An experiment'),
(33, 'diner@dineline.com', '$2y$10$wIr9gFbcDwPjE0dT49wJUOY6ojXWVT6POYuLGUAd/5mYpoaPVvXbW', 'New Diner');

--
-- Triggers `user`
--
DROP TRIGGER IF EXISTS `email_lcase_insert`;
DELIMITER $$
CREATE TRIGGER `email_lcase_insert` BEFORE INSERT ON `user` FOR EACH ROW SET NEW.email = LOWER(NEW.email)
$$
DELIMITER ;

--
-- Constraints for dumped tables
--

--
-- Constraints for table `restaurant`
--
ALTER TABLE `restaurant`
  ADD CONSTRAINT `fk_user` FOREIGN KEY (`user`) REFERENCES `user` (`id`);

--
-- Constraints for table `review`
--
ALTER TABLE `review`
  ADD CONSTRAINT `fk_restaurant` FOREIGN KEY (`restaurant`) REFERENCES `restaurant` (`id`);
COMMIT;

/*!40101 SET CHARACTER_SET_CLIENT=@OLD_CHARACTER_SET_CLIENT */;
/*!40101 SET CHARACTER_SET_RESULTS=@OLD_CHARACTER_SET_RESULTS */;
/*!40101 SET COLLATION_CONNECTION=@OLD_COLLATION_CONNECTION */;
